{
    "image_file": "images\\scene1\\img00002.jpg",
    "model": {
        "num": 1,
        "0": {
            "model_file": "models\\car_001.obj",
            "matrix": [
                0.8768949798962588,
                0.35135553802157016,
                -0.32803121823130954,
                12.370121493487368,
                0.11044688288961241,
                0.516894091271282,
                0.8488945661675567,
                -2.828523864175714,
                0.4678212054756747,
                -0.7806214090776709,
                0.41445570981333973,
                -24.914653031199677,
                0.0,
                0.0,
                0.0,
                1.0
            ],
            "class": 0
        }
    },
    "camera": {
        "matrix": [
            1.0,
            0.0,
            2.0850041778567396e-19,
            1.0842021724855047e-19,
            0.0,
            1.0,
            0.0,
            0.0,
            -2.0850041778567396e-19,
            0.0,
            1.0,
            0.52,
            0.0,
            0.0,
            0.0,
            1.0
        ],
        "position": [
            1.0842021724855047e-19,
            0.0,
            0.52
        ],
        "focalPoint": [
            0.0,
            0.0,
            0.0
        ],
        "fov": 88.0,
        "viewup": [
            0.0,
            1.0,
            0.0
        ],
        "distance": 0.52
    }
}