{
    "image_file": "images\\scene1\\img00001.jpg",
    "model": {
        "num": 3,
        "0": {
            "model_file": "models\\car_001.obj",
            "matrix": [
                0.9403840019813321,
                0.30262431197548606,
                -0.1552303276391238,
                19.007078899254374,
                -0.042758368850520534,
                0.5579761493817895,
                0.8287546914584077,
                11.237068994995578,
                0.337416138782409,
                -0.7727102578084739,
                0.5376515663203613,
                -44.53189985155681,
                0.0,
                0.0,
                0.0,
                1.0
            ],
            "class": 0
        },
        "1": {
            "model_file": "models\\car_001.obj",
            "matrix": [
                -0.9371692058606657,
                -0.34623041514998354,
                -0.04287632460445029,
                27.263628221832082,
                0.1512190316623972,
                -0.513887899761511,
                0.8444240824027924,
                0.5582289942806159,
                -0.31439892501343936,
                0.784884530427105,
                0.5339565430319443,
                -31.40023222877751,
                0.0,
                0.0,
                0.0,
                1.0
            ],
            "class": 0
        },
        "2": {
            "model_file": "models\\car_001.obj",
            "matrix": [
                0.9021037547196314,
                0.3314392816301158,
                -0.27632737525127327,
                12.538898493721245,
                0.039819871067754864,
                0.5736890013468412,
                0.8181047045469272,
                -2.462868401028362,
                0.4296780115259481,
                -0.7490186461805701,
                0.5043291326950424,
                -25.454579235554,
                0.0,
                0.0,
                0.0,
                1.0
            ],
            "class": 0
        }
    },
    "camera": {
        "matrix": [
            0.9999994983965493,
            -1.003206146539391e-06,
            0.0010016015392002137,
            4.011548038196367e-18,
            1.0587911840678756e-21,
            0.9999994983970526,
            0.0010016015392002066,
            4.336810544435979e-19,
            -0.0010016020416067498,
            -0.0010016010367934183,
            0.9999989967938535,
            0.5200000000000047,
            0.0,
            0.0,
            0.0,
            1.0
        ],
        "position": [
            4.011548038196367e-18,
            4.336810544435979e-19,
            0.5200000000000047
        ],
        "focalPoint": [
            -0.0005208328003841071,
            -0.000520832800384107,
            5.216672007701817e-07
        ],
        "fov": 88.0,
        "viewup": [
            -1.0032061465393921e-06,
            0.9999994983970526,
            -0.0010016010367934194
        ],
        "distance": 0.52
    }
}