{
    "image_file": "images\\scene1\\img00001.jpg",
    "model": {
        "num": 5,
        "0": {
            "model_file": "models\\car_001.obj",
            "matrix": [
                -0.8609398670601052,
                -0.3642945347243549,
                -0.355066243504634,
                11.873195816837423,
                -0.13875101927220768,
                -0.5033523447280485,
                0.8528684375140732,
                0.19099423102777596,
                -0.4894187368271175,
                0.7835342424085424,
                0.3828098627462621,
                -13.00152893050403,
                0.0,
                0.0,
                0.0,
                1.0
            ],
            "class": 1,
            "size": [
                1.9400440454483032,
                4.43285608291626,
                1.6844799681566656
            ]
        },
        "1": {
            "model_file": "models\\car_001.obj",
            "matrix": [
                0.8843491741101207,
                0.31095292583099465,
                -0.348187903534701,
                5.179016572253071,
                0.09237594099116303,
                0.6145488793243091,
                0.7834515686672854,
                -0.9317119155618722,
                0.4575950434355077,
                -0.7250089329369471,
                0.5147512247531622,
                -10.150141017910823,
                0.0,
                0.0,
                0.0,
                1.0
            ],
            "class": 1,
            "size": [
                1.9400440454483032,
                4.43285608291626,
                1.6844799681566656
            ]
        },
        "2": {
            "model_file": "models\\car_001.obj",
            "matrix": [
                0.920583440031926,
                0.27806862189592185,
                -0.2742334251251637,
                6.928587685403938,
                0.019603315097205143,
                0.6683942164057715,
                0.7435488427215158,
                2.4005295336000003,
                0.3900536373066858,
                -0.6898746357072472,
                0.6098615802226011,
                -15.308286954199001,
                0.0,
                0.0,
                0.0,
                1.0
            ],
            "class": 1,
            "size": [
                1.9400440454483032,
                4.43285608291626,
                1.6844799681566656
            ]
        },
        "3": {
            "model_file": "models\\car_001.obj",
            "matrix": [
                0.9490727919694963,
                0.2245081853488544,
                -0.2210359931201011,
                10.898931200456138,
                -0.00701165317694652,
                0.7164524306871921,
                0.6976007104942905,
                6.757700598438637,
                0.3149788441513989,
                -0.6605240262653351,
                0.6815396822366828,
                -24.92819818672262,
                0.0,
                0.0,
                0.0,
                1.0
            ],
            "class": 1,
            "size": [
                1.9400440454483032,
                4.43285608291626,
                1.6844799681566656
            ]
        },
        "4": {
            "model_file": "models\\bus_001.obj",
            "matrix": [
                0.9460872639361091,
                0.3053421389457055,
                -0.10809748934153324,
                3.43754988186601,
                -0.05712303984032918,
                0.4857752512986322,
                0.8722152048348762,
                2.8999739399090756,
                0.3188351413148832,
                -0.8190168395154078,
                0.47702784955692673,
                -15.722769673080009,
                0.0,
                0.0,
                0.0,
                1.0
            ],
            "class": 0,
            "size": [
                2.686310052871704,
                10.495145797729492,
                3.289664037525654
            ]
        }
    },
    "camera": {
        "matrix": [
            1.0,
            0.0,
            0.0,
            0.0,
            0.0,
            1.0,
            0.0,
            0.0,
            0.0,
            0.0,
            1.0,
            0.52,
            0.0,
            0.0,
            0.0,
            1.0
        ],
        "position": [
            0.0,
            0.0,
            0.52
        ],
        "focalPoint": [
            0.0,
            0.0,
            0.0
        ],
        "fov": 88.0,
        "viewup": [
            0.0,
            1.0,
            0.0
        ],
        "distance": 0.52
    }
}