{
    "image_file": "images\\scene1\\img00002.jpg",
    "model": {
        "num": 1,
        "0": {
            "model_file": "models\\car_001.obj",
            "matrix": [
                0.198107593419589,
                0.3843312833119913,
                0.9016888854240408,
                -1.713208439246606,
                -0.9674962600476112,
                0.22418678054746516,
                0.11700971849228925,
                -0.22231840764077196,
                -0.15717623301053252,
                -0.8955611381114713,
                0.4162521827943947,
                -18.890879434143052,
                0.0,
                0.0,
                0.0,
                1.0
            ],
            "class": 0
        }
    },
    "camera": {
        "matrix": [
            1.0,
            0.0,
            0.0,
            0.0,
            0.0,
            1.0,
            0.0,
            0.0,
            0.0,
            0.0,
            1.0,
            0.52,
            0.0,
            0.0,
            0.0,
            1.0
        ],
        "position": [
            0.0,
            0.0,
            0.52
        ],
        "focalPoint": [
            0.0,
            0.0,
            0.0
        ],
        "fov": 88.0,
        "viewup": [
            0.0,
            1.0,
            0.0
        ],
        "distance": 0.52
    }
}