{
    "image_file": "images\\scene1\\img00001.jpg",
    "model": {
        "num": 3,
        "0": {
            "model_file": "models\\car_001.obj",
            "matrix": [
                -0.5700449346788011,
                -0.2686321053668786,
                -0.7764570589628365,
                29.09860775133061,
                0.5663248019954684,
                -0.8131417022953542,
                -0.13444995586841466,
                2.2092017589093067,
                -0.5952520399728768,
                -0.516369406485678,
                0.6156603324510798,
                -31.55570204984845,
                0.0,
                0.0,
                0.0,
                1.0
            ],
            "class": 0
        },
        "1": {
            "model_file": "models\\car_001.obj",
            "matrix": [
                0.7042828169443692,
                0.29227889030837423,
                -0.6469611766072386,
                19.941367270674082,
                -0.6329799082276601,
                0.6711592668742985,
                -0.3858518812560954,
                13.544820886337014,
                0.3214376293109173,
                0.6812622760500289,
                0.6576926042568223,
                -44.759977764652035,
                0.0,
                0.0,
                0.0,
                1.0
            ],
            "class": 0
        },
        "2": {
            "model_file": "models\\car_001.obj",
            "matrix": [
                0.7046782839227406,
                -0.624747209684415,
                -0.3363323358811108,
                12.634655264994326,
                0.6604102408503952,
                0.40422663144147297,
                0.6328184133014854,
                -2.4853167136680216,
                -0.2593970507689588,
                -0.6680507124650167,
                0.6974391841783439,
                -25.821094864294373,
                0.0,
                0.0,
                0.0,
                1.0
            ],
            "class": 0
        }
    },
    "camera": {
        "matrix": [
            0.9999994983965493,
            -1.003206146539386e-06,
            0.0010016015392002137,
            7.589415207398533e-18,
            6.3527471044072535e-22,
            0.9999994983970526,
            0.001001601539200202,
            1.6263039149254578e-18,
            -0.0010016020416067498,
            -0.0010016010367934138,
            0.9999989967938535,
            0.5200000000000083,
            0.0,
            0.0,
            0.0,
            1.0
        ],
        "position": [
            7.589415207398533e-18,
            1.6263039149254578e-18,
            0.5200000000000083
        ],
        "focalPoint": [
            -0.0005208328003841035,
            -0.0005208328003841033,
            5.216672044339177e-07
        ],
        "fov": 88.0,
        "viewup": [
            -1.0032061465393864e-06,
            0.9999994983970526,
            -0.001001601036793414
        ],
        "distance": 0.52
    }
}