{
    "image_file": "images\\scene1\\img00001.jpg",
    "model": {
        "num": 3,
        "0": {
            "model_file": "models\\car_001.obj",
            "matrix": [
                0.4316866698391787,
                -0.11818487789956283,
                -0.8942477026635511,
                20.41121154867293,
                -0.6938077712279926,
                0.590033148452844,
                -0.41290635779857254,
                13.596224378474075,
                0.5764350749796746,
                0.7986821760642322,
                0.1727118582219848,
                -43.83851458548878,
                0.0,
                0.0,
                0.0,
                1.0
            ],
            "class": 0
        },
        "1": {
            "model_file": "models\\car_001.obj",
            "matrix": [
                0.3028837850361916,
                0.6556557642732725,
                -0.6916479823851047,
                13.309754818761958,
                0.6867838301783797,
                0.35300311027638,
                0.6353871062122091,
                -2.490197228936228,
                0.6607491077312747,
                -0.6674611021703303,
                -0.3433748588960727,
                -23.843548693873398,
                0.0,
                0.0,
                0.0,
                1.0
            ],
            "class": 0
        },
        "2": {
            "model_file": "models\\car_001.obj",
            "matrix": [
                0.16839176858758131,
                0.2581862264255479,
                -0.9513065146187598,
                29.430821631161827,
                0.5316015556622472,
                -0.8364986434200746,
                -0.132927820917453,
                2.2063097032504038,
                -0.8300867414249323,
                -0.48333207222416763,
                -0.278111685605002,
                -29.85753565471089,
                0.0,
                0.0,
                0.0,
                1.0
            ],
            "class": 0
        }
    },
    "camera": {
        "matrix": [
            0.9999994983965493,
            -1.0032061465393845e-06,
            0.0010016015392002137,
            8.782037597132587e-18,
            6.3527471044072535e-22,
            0.9999994983970526,
            0.0010016015392002005,
            2.059985096627545e-18,
            -0.0010016020416067498,
            -0.0010016010367934123,
            0.9999989967938535,
            0.5200000000000096,
            0.0,
            0.0,
            0.0,
            1.0
        ],
        "position": [
            8.782037597132587e-18,
            2.059985096627545e-18,
            0.5200000000000096
        ],
        "focalPoint": [
            -0.0005208328003841024,
            -0.0005208328003841021,
            5.21667205655163e-07
        ],
        "fov": 88.0,
        "viewup": [
            -1.0032061465393858e-06,
            0.9999994983970526,
            -0.0010016010367934136
        ],
        "distance": 0.52
    }
}