{
    "image_file": "images\\scene1\\img00008.jpg",
    "model": {
        "num": 1,
        "0": {
            "model_file": "models\\car_001.obj",
            "matrix": [
                0.5211331028835632,
                -0.4399143526442156,
                0.7313656072147314,
                -1.3895942943399469,
                -0.3853193043122343,
                0.643352690528346,
                0.6615333319752499,
                -1.2569130056981228,
                -0.7615440386499568,
                -0.6265562049230383,
                0.1657648915456897,
                -18.414953703851396,
                0.0,
                0.0,
                0.0,
                1.0
            ],
            "class": 0
        }
    },
    "camera": {
        "matrix": [
            1.0,
            0.0,
            0.0,
            0.0,
            0.0,
            1.0,
            0.0,
            0.0,
            0.0,
            0.0,
            1.0,
            0.52,
            0.0,
            0.0,
            0.0,
            1.0
        ],
        "position": [
            0.0,
            0.0,
            0.52
        ],
        "focalPoint": [
            0.0,
            0.0,
            0.0
        ],
        "fov": 88.0,
        "viewup": [
            0.0,
            1.0,
            0.0
        ],
        "distance": 0.52
    }
}