{
    "image_file": "images\\scene1\\img00001.jpg",
    "model": {
        "num": 3,
        "0": {
            "model_file": "models\\car_007.obj",
            "matrix": [
                0.9992241816143583,
                -0.014122968341899017,
                -0.03676379526559266,
                0.27465674512094806,
                0.011435191972809403,
                0.9973159570641844,
                -0.07231955592851844,
                -1.0241224500548805,
                0.037686486459494725,
                0.07184304803087628,
                0.9967037198626187,
                107.91928158172031,
                0.0,
                0.0,
                0.0,
                1.0
            ],
            "class": 0
        },
        "1": {
            "model_file": "models\\car_007.obj",
            "matrix": [
                0.9794141325861485,
                0.19870308763878353,
                0.03556739874294107,
                -3.38504601547994,
                -0.05317282805392315,
                0.08397935686721876,
                0.9950477968303433,
                -1.3974442997386831,
                0.19473214230648572,
                -0.9764550939920303,
                0.09281617407405021,
                177.5763378399166,
                0.0,
                0.0,
                0.0,
                1.0
            ],
            "class": 0
        },
        "2": {
            "model_file": "models\\car_007.obj",
            "matrix": [
                -0.4996757048011755,
                0.792555611921581,
                0.3495422607396987,
                4.46,
                -0.8599745159580576,
                -0.40555283607881504,
                -0.30979142830474093,
                6.13,
                -0.10376907985574016,
                -0.4553926867660513,
                0.8842225279339233,
                124.91,
                0.0,
                0.0,
                0.0,
                1.0
            ],
            "class": 0
        }
    },
    "camera": {
        "matrix": [
            1.0,
            0.0,
            0.0,
            -0.04999999999999716,
            0.0,
            1.0,
            0.0,
            -0.04999999999999716,
            0.0,
            0.0,
            1.0,
            212.55724352355045,
            0.0,
            0.0,
            0.0,
            1.0
        ],
        "position": [
            -0.04999999999999716,
            -0.04999999999999716,
            212.55724352355045
        ],
        "focalPoint": [
            -0.04999999999999716,
            -0.04999999999999716,
            0.0
        ],
        "fov": 30.0,
        "viewup": [
            0.0,
            1.0,
            0.0
        ],
        "distance": 212.55724352355045
    }
}