{
    "image_file": "images\\scene1\\img00001.jpg",
    "model": {
        "num": 5,
        "0": {
            "model_file": "models\\car_001.obj",
            "matrix": [
                -0.8609398670601053,
                -0.36429453472435497,
                -0.35506624350463406,
                11.873195816837423,
                -0.13875101927220762,
                -0.5033523447280485,
                0.852868437514073,
                0.19099423102777596,
                -0.4894187368271177,
                0.7835342424085422,
                0.38280986274626216,
                -13.00152893050403,
                0.0,
                0.0,
                0.0,
                1.0
            ],
            "class": 1,
            "size": [
                1.9400440454483032,
                4.43285608291626,
                1.6844799681566656
            ]
        },
        "1": {
            "model_file": "models\\car_001.obj",
            "matrix": [
                0.8843491741101205,
                0.3109529258309944,
                -0.348187903534701,
                5.179016572253071,
                0.0923759409911632,
                0.6145488793243088,
                0.7834515686672848,
                -0.9317119155618722,
                0.4575950434355076,
                -0.7250089329369468,
                0.5147512247531619,
                -10.150141017910823,
                0.0,
                0.0,
                0.0,
                1.0
            ],
            "class": 1,
            "size": [
                1.9400440454483032,
                4.43285608291626,
                1.6844799681566656
            ]
        },
        "2": {
            "model_file": "models\\car_001.obj",
            "matrix": [
                0.920583440031926,
                0.278068621895922,
                -0.2742334251251635,
                6.928587685403938,
                0.019603315097205032,
                0.6683942164057715,
                0.743548842721516,
                2.4005295336000003,
                0.3900536373066857,
                -0.6898746357072474,
                0.609861580222601,
                -15.308286954199001,
                0.0,
                0.0,
                0.0,
                1.0
            ],
            "class": 1,
            "size": [
                1.9400440454483032,
                4.43285608291626,
                1.6844799681566656
            ]
        },
        "3": {
            "model_file": "models\\car_001.obj",
            "matrix": [
                0.9490727919694969,
                0.22450818534885436,
                -0.221035993120101,
                10.898931200456138,
                -0.007011653176946464,
                0.716452430687192,
                0.6976007104942907,
                6.757700598438637,
                0.31497884415139893,
                -0.6605240262653354,
                0.6815396822366828,
                -24.92819818672262,
                0.0,
                0.0,
                0.0,
                1.0
            ],
            "class": 1,
            "size": [
                1.9400440454483032,
                4.43285608291626,
                1.6844799681566656
            ]
        },
        "4": {
            "model_file": "models\\bus_001.obj",
            "matrix": [
                0.9460872639361092,
                0.3053421389457052,
                -0.10809748934153379,
                3.43754988186601,
                -0.05712303984032879,
                0.4857752512986317,
                0.8722152048348764,
                2.8999739399090756,
                0.31883514131488344,
                -0.8190168395154069,
                0.4770278495569266,
                -15.722769673080009,
                0.0,
                0.0,
                0.0,
                1.0
            ],
            "class": 0,
            "size": [
                2.686310052871704,
                10.495145797729492,
                3.289664037525654
            ]
        }
    },
    "camera": {
        "matrix": [
            1.0,
            0.0,
            0.0,
            0.0,
            0.0,
            1.0,
            0.0,
            0.0,
            0.0,
            0.0,
            1.0,
            0.52,
            0.0,
            0.0,
            0.0,
            1.0
        ],
        "position": [
            0.0,
            0.0,
            0.52
        ],
        "focalPoint": [
            0.0,
            0.0,
            0.0
        ],
        "fov": 88.0,
        "viewup": [
            0.0,
            1.0,
            0.0
        ],
        "distance": 0.52
    }
}