{
    "image_file": "images\\scene1\\img00001.jpg",
    "model": {
        "num": 3,
        "0": {
            "model_file": "models\\car_001.obj",
            "matrix": [
                0.9403840019813321,
                0.30262431197548606,
                -0.1552303276391238,
                19.007078899254374,
                -0.042758368850520534,
                0.5579761493817895,
                0.8287546914584077,
                11.237068994995578,
                0.337416138782409,
                -0.7727102578084739,
                0.5376515663203613,
                -44.53189985155681,
                0.0,
                0.0,
                0.0,
                1.0
            ],
            "class": 0
        },
        "1": {
            "model_file": "models\\car_001.obj",
            "matrix": [
                0.6968846545293594,
                0.5688600826114527,
                -0.436749338514428,
                12.843700145095374,
                0.4206116101348231,
                0.16907105369602857,
                0.8913477728821193,
                -2.602030194876087,
                0.5808938385809332,
                -0.804868427268337,
                -0.12144613244276024,
                -24.26560653927673,
                0.0,
                0.0,
                0.0,
                1.0
            ],
            "class": 0
        },
        "2": {
            "model_file": "models\\car_001.obj",
            "matrix": [
                -0.6651702863061885,
                -0.6845991704642398,
                -0.2981148537309642,
                27.74858130175698,
                0.13156763885255685,
                -0.5004582853852405,
                0.855705241888839,
                0.5367947968003035,
                -0.7350091473050772,
                0.5299674333286377,
                0.4229610773923983,
                -31.18934089860175,
                0.0,
                0.0,
                0.0,
                1.0
            ],
            "class": 0
        }
    },
    "camera": {
        "matrix": [
            0.9999994983965493,
            -1.0032061465393885e-06,
            0.0010016015392002137,
            6.0715321659188256e-18,
            1.0587911840678756e-21,
            0.9999994983970526,
            0.001001601539200204,
            1.0842026679236171e-18,
            -0.0010016020416067498,
            -0.0010016010367934157,
            0.9999989967938535,
            0.5200000000000068,
            0.0,
            0.0,
            0.0,
            1.0
        ],
        "position": [
            6.0715321659188256e-18,
            1.0842026679236171e-18,
            0.5200000000000068
        ],
        "focalPoint": [
            -0.0005208328003841051,
            -0.0005208328003841048,
            5.216672028796054e-07
        ],
        "fov": 88.0,
        "viewup": [
            -1.0032061465393887e-06,
            0.9999994983970526,
            -0.001001601036793416
        ],
        "distance": 0.52
    }
}