{
    "image_file": "images\\scene1\\img00001.jpg",
    "model": {
        "num": 5,
        "0": {
            "model_file": "models\\car_001.obj",
            "matrix": [
                -0.8609398670601053,
                -0.3642945347243551,
                -0.35506624350463395,
                11.873195816837423,
                -0.1387510192722074,
                -0.5033523447280487,
                0.8528684375140732,
                0.19099423102777596,
                -0.4894187368271175,
                0.7835342424085424,
                0.38280986274626233,
                -13.00152893050403,
                0.0,
                0.0,
                0.0,
                1.0
            ],
            "class": 1,
            "size": [
                1.9400440454483032,
                4.43285608291626,
                1.6844799681566656
            ]
        },
        "1": {
            "model_file": "models\\car_001.obj",
            "matrix": [
                0.8843491741101206,
                0.3109529258309947,
                -0.34818790353470086,
                5.179016572253071,
                0.09237594099116286,
                0.614548879324309,
                0.7834515686672853,
                -0.9317119155618722,
                0.45759504343550766,
                -0.7250089329369471,
                0.514751224753162,
                -10.150141017910823,
                0.0,
                0.0,
                0.0,
                1.0
            ],
            "class": 1,
            "size": [
                1.9400440454483032,
                4.43285608291626,
                1.6844799681566656
            ]
        },
        "2": {
            "model_file": "models\\car_001.obj",
            "matrix": [
                0.920583440031926,
                0.27806862189592174,
                -0.27423342512516347,
                6.928587685403938,
                0.01960331509720492,
                0.6683942164057713,
                0.7435488427215154,
                2.4005295336000003,
                0.39005363730668563,
                -0.6898746357072469,
                0.609861580222601,
                -15.308286954199001,
                0.0,
                0.0,
                0.0,
                1.0
            ],
            "class": 1,
            "size": [
                1.9400440454483032,
                4.43285608291626,
                1.6844799681566656
            ]
        },
        "3": {
            "model_file": "models\\car_001.obj",
            "matrix": [
                0.9490727919694961,
                0.22450818534885453,
                -0.22103599312010117,
                10.898931200456138,
                -0.007011653176946631,
                0.7164524306871924,
                0.6976007104942902,
                6.757700598438637,
                0.314978844151399,
                -0.6605240262653348,
                0.681539682236683,
                -24.92819818672262,
                0.0,
                0.0,
                0.0,
                1.0
            ],
            "class": 1,
            "size": [
                1.9400440454483032,
                4.43285608291626,
                1.6844799681566656
            ]
        },
        "4": {
            "model_file": "models\\bus_001.obj",
            "matrix": [
                0.9460872639361091,
                0.3053421389457056,
                -0.10809748934153324,
                3.43754988186601,
                -0.05712303984032924,
                0.48577525129863236,
                0.8722152048348762,
                2.8999739399090756,
                0.3188351413148832,
                -0.8190168395154079,
                0.47702784955692673,
                -15.722769673080009,
                0.0,
                0.0,
                0.0,
                1.0
            ],
            "class": 0,
            "size": [
                2.686310052871704,
                10.495145797729492,
                3.289664037525654
            ]
        }
    },
    "camera": {
        "matrix": [
            1.0,
            0.0,
            0.0,
            0.0,
            0.0,
            1.0,
            0.0,
            0.0,
            0.0,
            0.0,
            1.0,
            0.52,
            0.0,
            0.0,
            0.0,
            1.0
        ],
        "position": [
            0.0,
            0.0,
            0.52
        ],
        "focalPoint": [
            0.0,
            0.0,
            0.0
        ],
        "fov": 88.0,
        "viewup": [
            0.0,
            1.0,
            0.0
        ],
        "distance": 0.52
    }
}