{
    "image_file": "images\\scene1\\img00001.jpg",
    "model": {
        "num": 3,
        "0": {
            "model_file": "models\\car_001.obj",
            "matrix": [
                0.4316866698391788,
                -0.11818487789956293,
                -0.8942477026635511,
                20.41121154867293,
                -0.6938077712279926,
                0.5900331484528439,
                -0.4129063577985727,
                13.596224378474075,
                0.5764350749796746,
                0.798682176064232,
                0.1727118582219848,
                -43.83851458548878,
                0.0,
                0.0,
                0.0,
                1.0
            ],
            "class": 0
        },
        "1": {
            "model_file": "models\\car_001.obj",
            "matrix": [
                0.30288378503619173,
                0.6556557642732724,
                -0.6916479823851045,
                13.309754818761958,
                0.6867838301783793,
                0.35300311027637993,
                0.6353871062122093,
                -2.490197228936228,
                0.6607491077312747,
                -0.6674611021703303,
                -0.3433748588960725,
                -23.843548693873398,
                0.0,
                0.0,
                0.0,
                1.0
            ],
            "class": 0
        },
        "2": {
            "model_file": "models\\car_001.obj",
            "matrix": [
                0.1683917685875804,
                0.2581862264255479,
                -0.95130651461876,
                29.430821631161827,
                0.5316015556622482,
                -0.8364986434200746,
                -0.13292782091745306,
                2.2063097032504038,
                -0.830086741424932,
                -0.48333207222416913,
                -0.2781116856050012,
                -29.85753565471089,
                0.0,
                0.0,
                0.0,
                1.0
            ],
            "class": 0
        }
    },
    "camera": {
        "matrix": [
            0.9999994983965493,
            -1.0032061465393858e-06,
            0.0010016015392002137,
            7.697835424647083e-18,
            6.3527471044072535e-22,
            0.9999994983970526,
            0.0010016015392002018,
            1.7347242898875355e-18,
            -0.0010016020416067498,
            -0.0010016010367934136,
            0.9999989967938535,
            0.5200000000000085,
            0.0,
            0.0,
            0.0,
            1.0
        ],
        "position": [
            7.697835424647083e-18,
            1.7347242898875355e-18,
            0.5200000000000085
        ],
        "focalPoint": [
            -0.0005208328003841034,
            -0.0005208328003841032,
            5.2166720454494e-07
        ],
        "fov": 88.0,
        "viewup": [
            -1.0032061465393855e-06,
            0.9999994983970525,
            -0.0010016010367934133
        ],
        "distance": 0.52
    }
}