{
    "image_file": "images\\scene1\\img00001.jpg",
    "model": {
        "num": 3,
        "0": {
            "model_file": "models\\car_007.obj",
            "matrix": [
                0.9922721171123239,
                0.12091565947606846,
                -0.027846883036449777,
                7.097044437340242,
                -0.015532434736833745,
                0.34370419113738176,
                0.938949504747573,
                1.1804908441617663,
                0.12310478899102208,
                -0.9312608830440743,
                0.34292619998975116,
                128.65556688774396,
                0.0,
                0.0,
                0.0,
                1.0
            ],
            "class": 0
        },
        "1": {
            "model_file": "models\\car_007.obj",
            "matrix": [
                0.9664327875542493,
                0.22105975420773208,
                -0.1309207860110428,
                -0.7014965066568198,
                0.05117346941245782,
                0.33374104705906826,
                0.9412747683520584,
                -0.4594263437692021,
                0.2517716091389669,
                -0.9163784690713411,
                0.3112258958602949,
                179.27351081259462,
                0.0,
                0.0,
                0.0,
                1.0
            ],
            "class": 0
        },
        "2": {
            "model_file": "models\\car_007.obj",
            "matrix": [
                0.9949449576017375,
                0.09418469771087833,
                -0.03483926032496504,
                3.771169152523105,
                0.0021823207051328564,
                0.32656863833052197,
                0.945170969685005,
                -2.993916667224354,
                0.10039805186964648,
                -0.9404691207987929,
                0.3247122788018982,
                168.149482740002,
                0.0,
                0.0,
                0.0,
                1.0
            ],
            "class": 0
        }
    },
    "camera": {
        "matrix": [
            1.0,
            0.0,
            0.0,
            -0.04999999999999716,
            0.0,
            1.0,
            0.0,
            -0.04999999999999716,
            0.0,
            0.0,
            1.0,
            212.55724352355045,
            0.0,
            0.0,
            0.0,
            1.0
        ],
        "position": [
            -0.04999999999999716,
            -0.04999999999999716,
            212.55724352355045
        ],
        "focalPoint": [
            -0.04999999999999716,
            -0.04999999999999716,
            0.0
        ],
        "fov": 30.0,
        "viewup": [
            0.0,
            1.0,
            0.0
        ],
        "distance": 212.55724352355045
    }
}