{
    "image_file": "images\\scene1\\img00001.jpg",
    "model": {
        "num": 3,
        "0": {
            "model_file": "models\\car_007.obj",
            "matrix": [
                0.9956404578672982,
                0.06991539746315385,
                0.06174071473001433,
                5.246191487818826,
                -0.08512993064206248,
                0.41063072571563103,
                0.9078189808585999,
                -3.113607734824637,
                0.03811789037553655,
                -0.909117288525425,
                0.41479245670274534,
                155.02144071508476,
                0.0,
                0.0,
                0.0,
                1.0
            ],
            "class": 0
        },
        "1": {
            "model_file": "models\\car_007.obj",
            "matrix": [
                0.9922714967078486,
                0.12346369725316979,
                -0.012409362665103785,
                11.007132559479638,
                -0.031189424037037894,
                0.3449564908258607,
                0.938100335393479,
                6.449237457026005,
                0.1201020260004571,
                -0.9304631829888185,
                0.34614125505767457,
                89.28725840468059,
                0.0,
                0.0,
                0.0,
                1.0
            ],
            "class": 0
        },
        "2": {
            "model_file": "models\\car_007.obj",
            "matrix": [
                0.9672992212784515,
                0.21783411629457097,
                -0.1299250333546848,
                0.026236497075302276,
                0.013854005881244413,
                0.4661045262840199,
                0.884621182822658,
                -0.5341275280012296,
                0.2532593197398552,
                -0.8574933634470154,
                0.4478446701806255,
                161.03,
                0.0,
                0.0,
                0.0,
                1.0
            ],
            "class": 0
        }
    },
    "camera": {
        "matrix": [
            1.0,
            0.0,
            0.0,
            -0.04999999999999716,
            0.0,
            1.0,
            0.0,
            -0.04999999999999716,
            0.0,
            0.0,
            1.0,
            212.55724352355045,
            0.0,
            0.0,
            0.0,
            1.0
        ],
        "position": [
            -0.04999999999999716,
            -0.04999999999999716,
            212.55724352355045
        ],
        "focalPoint": [
            -0.04999999999999716,
            -0.04999999999999716,
            0.0
        ],
        "fov": 30.0,
        "viewup": [
            0.0,
            1.0,
            0.0
        ],
        "distance": 212.55724352355045
    }
}