{
    "image_file": "images\\scene1\\img00002.jpg",
    "model": {
        "num": 2,
        "0": {
            "model_file": "models\\car_001.obj",
            "matrix": [
                0.8768949798962589,
                0.35135553802156977,
                -0.3280312182313087,
                12.370121493487368,
                0.11044688288961196,
                0.5168940912712807,
                0.8488945661675562,
                -2.828523864175714,
                0.4678212054756746,
                -0.7806214090776697,
                0.41445570981333923,
                -24.914653031199677,
                0.0,
                0.0,
                0.0,
                1.0
            ],
            "class": 0
        },
        "1": {
            "model_file": "models\\car_001.obj",
            "matrix": [
                0.8768949798962589,
                0.35135553802156977,
                -0.3280312182313087,
                3.5061100574259627,
                0.11044688288961196,
                0.5168940912712807,
                0.8488945661675562,
                4.83173293242056,
                0.4678212054756746,
                -0.7806214090776697,
                0.41445570981333923,
                -24.914653031199677,
                0.0,
                0.0,
                0.0,
                1.0
            ],
            "class": 0
        }
    },
    "camera": {
        "matrix": [
            1.0,
            0.0,
            2.0850041778567396e-19,
            1.0842021724855047e-19,
            0.0,
            1.0,
            0.0,
            0.0,
            -2.0850041778567396e-19,
            0.0,
            1.0,
            0.52,
            0.0,
            0.0,
            0.0,
            1.0
        ],
        "position": [
            1.0842021724855047e-19,
            0.0,
            0.52
        ],
        "focalPoint": [
            0.0,
            0.0,
            0.0
        ],
        "fov": 88.0,
        "viewup": [
            0.0,
            1.0,
            0.0
        ],
        "distance": 0.52
    }
}