{"image_file": "images\\scene1\\img00001.jpg", "model": {"num": 3, "0": {"model_file": "models\\car_007.obj", "matrix": [0.993678413661531, 0.10326697874637018, -0.044035682391672916, 8.807127337639415, -0.004504500556375558, 0.4286104192734204, 0.9034781779130034, 1.573320873501352, 0.11217361408923747, -0.8975684038505699, 0.4263660876656343, -98.2297673636614, 0.0, 0.0, 0.0, 1.0], "class": 0}, "1": {"model_file": "models\\car_007.obj", "matrix": [0.9891700600060787, 0.14670650543417105, -0.004449005603976555, 7.003496839136859, -0.05772513835765024, 0.4167239160822251, 0.9071984271187228, -3.6667238168109257, 0.13494591801592523, -0.8971167031264038, 0.4206794744011776, -72.17397644479053, 0.0, 0.0, 0.0, 1.0], "class": 0}, "2": {"model_file": "models\\car_007.obj", "matrix": [0.9940003952111635, 0.10608466169405051, -0.02663191456335836, 0.46759706221506103, -0.009487111567512085, 0.3261937337478316, 0.9452553320546542, 1.0239173363086174, 0.10896425576379046, -0.9393315136930666, 0.3252431372818428, -71.88633762086779, 0.0, 0.0, 0.0, 1.0], "class": 0}}, "camera_matrix": [1.0, 0.0, 0.0, 0.04999999999999716, 0.0, 1.0, 0.0, 0.04999999999999716, 0.0, 0.0, 1.0, -212.55724352355045, 0.0, 0.0, 0.0, 1.0]}