{
    "image_file": "images\\scene1\\img00002.jpg",
    "model": {
        "num": 4,
        "0": {
            "model_file": "models\\car_001.obj",
            "matrix": [
                1.0,
                0.0,
                0.0,
                10.484771544382241,
                0.0,
                1.0,
                0.0,
                -1.5290291835557435,
                0.0,
                0.0,
                1.0,
                -20.0,
                0.0,
                0.0,
                0.0,
                1.0
            ],
            "class": 1,
            "size": [
                1.9400440454483032,
                4.43285608291626,
                1.6844799681566656
            ]
        },
        "1": {
            "model_file": "models\\van_001.obj",
            "matrix": [
                1.0,
                0.0,
                0.0,
                7.460758870785541,
                0.0,
                1.0,
                0.0,
                2.6306722029937446,
                0.0,
                0.0,
                1.0,
                -20.0,
                0.0,
                0.0,
                0.0,
                1.0
            ],
            "class": 4,
            "size": [
                2.450131893157959,
                5.109422206878662,
                2.1579938968643546
            ]
        },
        "2": {
            "model_file": "models\\bus_001.obj",
            "matrix": [
                0.9161497685446,
                0.25982972477872057,
                -0.30521814447554707,
                0.4883490373008116,
                0.13380010852757207,
                0.5195450415151746,
                0.8439019379021537,
                -1.3502431176198517,
                0.3778453818080774,
                -0.8139787859388079,
                0.4412158241585383,
                -19.105945307412842,
                0.0,
                0.0,
                0.0,
                1.0
            ],
            "class": 0,
            "size": [
                2.686310052871704,
                10.495145797729492,
                3.289664037525654
            ]
        },
        "3": {
            "model_file": "models\\van_001.obj",
            "matrix": [
                1.0,
                0.0,
                0.0,
                5.735727918002366,
                0.0,
                1.0,
                0.0,
                -4.09694851285883,
                0.0,
                0.0,
                1.0,
                -20.0,
                0.0,
                0.0,
                0.0,
                1.0
            ],
            "class": 4,
            "size": [
                2.450131893157959,
                5.109422206878662,
                2.1579938968643546
            ]
        }
    },
    "camera": {
        "matrix": [
            1.0,
            0.0,
            0.0,
            0.0,
            0.0,
            1.0,
            0.0,
            0.0,
            0.0,
            0.0,
            1.0,
            0.52,
            0.0,
            0.0,
            0.0,
            1.0
        ],
        "position": [
            0.0,
            0.0,
            0.52
        ],
        "focalPoint": [
            0.0,
            0.0,
            0.0
        ],
        "fov": 88.0,
        "viewup": [
            0.0,
            1.0,
            0.0
        ],
        "distance": 0.52
    }
}