{
    "image_file": "images\\scene1\\img00001.jpg",
    "model": {
        "num": 3,
        "0": {
            "model_file": "models\\car_007.obj",
            "matrix": [
                0.9936784136615309,
                0.1032669787463694,
                -0.04403568239167451,
                8.807127337639413,
                -0.004504500556373789,
                0.42861041927342064,
                0.9034781779130033,
                1.5733208735013946,
                0.11217361408923747,
                -0.8975684038505699,
                0.4263660876656343,
                -102.22976736366141,
                0.0,
                0.0,
                0.0,
                1.0
            ],
            "class": 0
        },
        "1": {
            "model_file": "models\\car_007.obj",
            "matrix": [
                0.9891700600060782,
                0.1467065054341741,
                -0.004449005603974106,
                7.003496839136976,
                -0.057725138357653714,
                0.4167239160822245,
                0.9071984271187229,
                -3.6667238168109577,
                0.13494591801592698,
                -0.8971167031264037,
                0.42067947440117753,
                -76.1739764447905,
                0.0,
                0.0,
                0.0,
                1.0
            ],
            "class": 0
        },
        "2": {
            "model_file": "models\\car_007.obj",
            "matrix": [
                0.20675879563006447,
                -0.6319333082853873,
                0.7469344645342662,
                4.742255268812169,
                0.4840191098963869,
                0.729531269834621,
                0.48322833897505935,
                -3.6053553042075066,
                -0.8502801313006877,
                0.26161884529401,
                0.45670480411565006,
                -41.43516842314503,
                0.0,
                0.0,
                0.0,
                1.0
            ],
            "class": 0
        }
    },
    "camera": {
        "matrix": [
            1.0,
            0.0,
            0.0,
            -0.04999999999999716,
            0.0,
            1.0,
            0.0,
            -0.04999999999999716,
            0.0,
            0.0,
            1.0,
            212.55724352355045,
            0.0,
            0.0,
            0.0,
            1.0
        ],
        "position": [
            -0.04999999999999716,
            -0.04999999999999716,
            212.55724352355045
        ],
        "focalPoint": [
            -0.04999999999999716,
            -0.04999999999999716,
            0.0
        ],
        "fov": 30.0,
        "viewup": [
            0.0,
            1.0,
            0.0
        ],
        "distance": 212.55724352355045
    }
}