{
    "image_file": "images\\scene1\\img00002.jpg",
    "model": {
        "num": 1,
        "0": {
            "model_file": "models\\car_001.obj",
            "matrix": [
                -0.12866436100191503,
                -0.6924804812968502,
                -0.7098705975252442,
                1.3487537864918395,
                -0.8791426790572135,
                0.41086320702510193,
                -0.241453049210715,
                0.45876067485859295,
                0.45886123400007706,
                0.5930111366036277,
                -0.6616525975132241,
                -16.842860881204118,
                0.0,
                0.0,
                0.0,
                1.0
            ],
            "class": 0
        }
    },
    "camera": {
        "matrix": [
            1.0,
            0.0,
            0.0,
            0.0,
            0.0,
            1.0,
            0.0,
            0.0,
            0.0,
            0.0,
            1.0,
            0.52,
            0.0,
            0.0,
            0.0,
            1.0
        ],
        "position": [
            0.0,
            0.0,
            0.52
        ],
        "focalPoint": [
            0.0,
            0.0,
            0.0
        ],
        "fov": 88.0,
        "viewup": [
            0.0,
            1.0,
            0.0
        ],
        "distance": 0.52
    }
}