{
    "image_file": "images\\scene1\\img00006.jpg",
    "model": {
        "num": 1,
        "0": {
            "model_file": "models\\car_001.obj",
            "matrix": [
                0.7360303622471303,
                -0.569042226032195,
                0.3666745843969559,
                -0.6966815301828697,
                -0.3705193830996116,
                0.11467877836665326,
                0.9217180504578464,
                -1.7512638429691891,
                -0.5665462846033323,
                -0.814272511377274,
                -0.1264341117638126,
                -12.859775741139947,
                0.0,
                0.0,
                0.0,
                1.0
            ],
            "class": 0
        }
    },
    "camera": {
        "matrix": [
            1.0,
            0.0,
            0.0,
            0.0,
            0.0,
            1.0,
            0.0,
            0.0,
            0.0,
            0.0,
            1.0,
            0.52,
            0.0,
            0.0,
            0.0,
            1.0
        ],
        "position": [
            0.0,
            0.0,
            0.52
        ],
        "focalPoint": [
            0.0,
            0.0,
            0.0
        ],
        "fov": 88.0,
        "viewup": [
            0.0,
            1.0,
            0.0
        ],
        "distance": 0.52
    }
}