{
    "image_file": "images\\scene1\\img00002.jpg",
    "model": {
        "num": 1,
        "0": {
            "model_file": "models\\car_001.obj",
            "matrix": [
                0.8768949798962584,
                0.35135553802156994,
                -0.3280312182313095,
                12.370121493487368,
                0.11044688288961252,
                0.5168940912712817,
                0.8488945661675563,
                -2.828523864175714,
                0.4678212054756747,
                -0.7806214090776702,
                0.4144557098133395,
                -24.914653031199677,
                0.0,
                0.0,
                0.0,
                1.0
            ],
            "class": 0
        }
    },
    "camera": {
        "matrix": [
            1.0,
            0.0,
            2.0850041778567396e-19,
            1.0842021724855047e-19,
            0.0,
            1.0,
            0.0,
            0.0,
            -2.0850041778567396e-19,
            0.0,
            1.0,
            0.52,
            0.0,
            0.0,
            0.0,
            1.0
        ],
        "position": [
            1.0842021724855047e-19,
            0.0,
            0.52
        ],
        "focalPoint": [
            0.0,
            0.0,
            0.0
        ],
        "fov": 88.0,
        "viewup": [
            0.0,
            1.0,
            0.0
        ],
        "distance": 0.52
    }
}