{
    "image_file": "images\\scene1\\000098.png",
    "model": {
        "num": 5,
        "0": {
            "model_file": "models\\car_001.obj",
            "matrix": [
                -0.8381,
                -0.5447,
                -0.0007,
                24.0156,
                -0.0034,
                0.0039,
                1.0013,
                -1.1522,
                -0.5455,
                0.837,
                -0.0051,
                -69.4738,
                0.0,
                0.0,
                0.0,
                1.0
            ],
            "actor_id": 0,
            "R_matrix_c2o": [
                -0.8381000000000001,
                -0.5446999999999999,
                -0.000700000000000062,
                0.003400000000000051,
                -0.0038999999999999664,
                -1.0013,
                0.5454999999999999,
                -0.8370000000000001,
                0.0051
            ],
            "T_matrix_c2o": [
                24.0156,
                1.1522,
                69.9838
            ],
            "class": 2,
            "class_name": "Car",
            "size": [
                1.8,
                4.4,
                1.6
            ],
            "2d_bbox": [
                827.4,
                183.9,
                855.85,
                198.89
            ],
            "3d_bbox": [
                [
                    856,
                    197
                ],
                [
                    846,
                    198
                ],
                [
                    839,
                    197
                ],
                [
                    828,
                    198
                ],
                [
                    856,
                    183
                ],
                [
                    846,
                    183
                ],
                [
                    839,
                    183
                ],
                [
                    828,
                    183
                ]
            ],
            "3d_bbox_w": [
                [
                    26.019564401622066,
                    -1.1588664281730081,
                    -70.82437435032314
                ],
                [
                    23.592103967076994,
                    -1.1415271409941872,
                    -67.09461819943012
                ],
                [
                    24.43909771452115,
                    -1.1652439379352493,
                    -71.85296968320091
                ],
                [
                    22.011637279976078,
                    -1.1479046507564283,
                    -68.12321353230789
                ],
                [
                    26.018450368474657,
                    0.4119372320360519,
                    -70.83240192262082
                ],
                [
                    23.59098993392958,
                    0.42927651921487286,
                    -67.1026457717278
                ],
                [
                    24.437983681373737,
                    0.40555972227381076,
                    -71.8609972554986
                ],
                [
                    22.010523246828665,
                    0.4228990094526317,
                    -68.13124110460558
                ]
            ]
        },
        "1": {
            "model_file": "models\\car_001.obj",
            "matrix": [
                -0.879,
                -0.4761,
                -0.0011,
                11.0761,
                -0.0034,
                0.0039,
                1.0013,
                -1.5098,
                -0.4767,
                0.8778,
                -0.0051,
                -48.8938,
                0.0,
                0.0,
                0.0,
                1.0
            ],
            "actor_id": 0,
            "R_matrix_c2o": [
                -0.8790000000000001,
                -0.4760999999999999,
                -0.001100000000000062,
                0.0034000000000000536,
                -0.0038999999999999708,
                -1.0013,
                0.4766999999999999,
                -0.8778000000000001,
                0.0051
            ],
            "T_matrix_c2o": [
                11.0761,
                1.5098,
                49.4038
            ],
            "class": 2,
            "class_name": "Car",
            "size": [
                1.8,
                4.4,
                1.6
            ],
            "2d_bbox": [
                744.2,
                187.02,
                784.82,
                208.58
            ],
            "3d_bbox": [
                [
                    785,
                    206
                ],
                [
                    769,
                    208
                ],
                [
                    761,
                    206
                ],
                [
                    744,
                    207
                ],
                [
                    785,
                    186
                ],
                [
                    769,
                    186
                ],
                [
                    761,
                    186
                ],
                [
                    744,
                    186
                ]
            ],
            "3d_bbox_w": [
                [
                    12.965642265328604,
                    -1.5165259839075071,
                    -50.400173515216196
                ],
                [
                    10.844094447582899,
                    -1.499039512749578,
                    -46.488465508867996
                ],
                [
                    11.30810819091786,
                    -1.5229315664747844,
                    -51.29912246070593
                ],
                [
                    9.186560373172155,
                    -1.5054450953168554,
                    -47.387414454357724
                ],
                [
                    12.963894298781938,
                    0.05427787168544129,
                    -50.40814348917069
                ],
                [
                    10.842346481036232,
                    0.07176434284337052,
                    -46.496435482822484
                ],
                [
                    11.306360224371193,
                    0.04787228911816399,
                    -51.30709243466042
                ],
                [
                    9.18481240662549,
                    0.065358760276093,
                    -47.39538442831221
                ]
            ]
        },
        "2": {
            "model_file": "models\\car_001.obj",
            "matrix": [
                -0.998,
                0.0629,
                -0.0037,
                -8.2922,
                -0.0034,
                0.0039,
                1.0013,
                -1.6969,
                0.063,
                0.9966,
                -0.0037,
                -22.1238,
                0.0,
                0.0,
                0.0,
                1.0
            ],
            "actor_id": 0,
            "R_matrix_c2o": [
                -0.998,
                0.06290000000000012,
                -0.0037000000000000617,
                0.003400000000000061,
                -0.0039000000000000037,
                -1.0013,
                -0.06300000000000013,
                -0.9966,
                0.0036999999999999997
            ],
            "T_matrix_c2o": [
                -8.2922,
                1.6969,
                22.6338
            ],
            "class": 2,
            "class_name": "Car",
            "size": [
                1.8,
                4.4,
                1.6
            ],
            "2d_bbox": [
                332.25,
                191.44,
                426.54,
                241.64
            ],