{
    "image_file": "images\\scene2\\000067.png",
    "model": {
        "num": 2,
        "0": {
            "model_file": "models\\car_001.obj",
            "matrix": [
                -0.8937,
                -0.4484,
                -0.0155,
                -1.55,
                -0.0031,
                -0.0282,
                0.9996,
                -1.65,
                -0.4487,
                0.8934,
                0.0238,
                -13.17,
                0.0,
                0.0,
                0.0,
                1.0
            ],
            "actor_id": 0,
            "R_matrix_c2o": [
                -0.8937,
                -0.4483999999999999,
                -0.015500000000000057,
                0.0031000000000000545,
                0.028200000000000027,
                -0.9996,
                0.4486999999999999,
                -0.8934,
                -0.023800000000000005
            ],
            "T_matrix_c2o": [
                -1.55,
                1.65,
                13.69
            ],
            "class": 2,
            "class_name": "Car",
            "size": [
                1.8857,
                4.4562,
                1.5688
            ],
            "2d_bbox": [
                438.44,
                188.23,
                633.35,
                285.5
            ],
            "3d_bbox": [
                [
                    633,
                    254
                ],
                [
                    523,
                    285
                ],
                [
                    565,
                    251
                ],
                [
                    440,
                    278
                ],
                [
                    632,
                    188
                ],
                [
                    521,
                    195
                ],
                [
                    564,
                    188
                ],
                [
                    438,
                    195
                ]
            ]
        },
        "1": {
            "model_file": "models\\van_001.obj",
            "matrix": [
                -0.8718,
                -0.4897,
                -0.0109,
                -8.6465,
                -0.0016,
                -0.0195,
                0.9998,
                -2.4438,
                -0.4898,
                0.8717,
                0.0162,
                -15.755,
                0.0,
                0.0,
                0.0,
                1.0
            ],
            "actor_id": 0,
            "R_matrix_c2o": [
                -0.8718000000000001,
                -0.4896999999999999,
                -0.010900000000000059,
                0.0016000000000000534,
                0.01950000000000003,
                -0.9998,
                0.4897999999999999,
                -0.8717000000000001,
                -0.0162
            ],
            "T_matrix_c2o": [
                -8.6465,
                2.4438,
                16.275000000000002
            ],
            "class": 4,
            "class_name": "Van",
            "size": [
                1.8621,
                4.9817,
                2.158
            ],
            "2d_bbox": [
                145.14,
                195.18,
                383.52,
                304.68
            ],
            "3d_bbox": [
                [
                    383,
                    272
                ],
                [
                    192,
                    304
                ],
                [
                    339,
                    268
                ],
                [
                    147,
                    297
                ],
                [
                    382,
                    195
                ],
                [
                    190,
                    202
                ],
                [
                    338,
                    195
                ],
                [
                    145,
                    201
                ]
            ]
        }
    },
    "camera": {
        "matrix": [
            1.0,
            0.0,
            0.0,
            0.0,
            0.0,
            1.0,
            0.0,
            0.0,
            0.0,
            0.0,
            1.0,
            0.52,
            0.0,
            0.0,
            0.0,
            1.0
        ],
        "position": [
            0.0,
            0.0,
            0.52
        ],
        "focalPoint": [
            0.0,
            0.0,
            0.0
        ],
        "fov": 88.0,
        "viewup": [
            0.0,
            1.0,
            0.0
        ],
        "distance": 0.52
    }
}