{
    "image_file": "images\\scene1\\000025.png",
    "model": {
        "num": 3,
        "0": {
            "model_file": "models\\car_001.obj",
            "matrix": [
                -0.9962,
                -0.0867,
                -0.0031,
                3.8943,
                -0.0034,
                0.0039,
                1.0013,
                -1.587,
                -0.0868,
                0.9948,
                -0.0042,
                -16.9627,
                0.0,
                0.0,
                0.0,
                1.0
            ],
            "actor_id": 0,
            "R_matrix_c2o": [
                -0.9962,
                -0.08669999999999987,
                -0.0031000000000000615,
                0.003400000000000061,
                -0.0038999999999999946,
                -1.0013,
                0.08679999999999988,
                -0.9948,
                0.0042
            ],
            "T_matrix_c2o": [
                3.8943,
                1.587,
                17.472700000000003
            ],
            "class": 2,
            "class_name": "Car",
            "size": [
                1.8,
                4.4,
                1.6
            ],
            "2d_bbox": [
                723.59,
                187.73,
                818.37,
                254.54
            ],
            "3d_bbox": [
                [
                    786,
                    239
                ],
                [
                    818,
                    254
                ],
                [
                    723,
                    239
                ],
                [
                    737,
                    254
                ],
                [
                    786,
                    188
                ],
                [
                    818,
                    187
                ],
                [
                    723,
                    188
                ],
                [
                    736,
                    188
                ]
            ],
            "3d_bbox_w": [
                [
                    5.026747849139131,
                    -1.5936515080407705,
                    -19.097379332888305
                ],
                [
                    4.640412069029226,
                    -1.5762625279234908,
                    -14.664322373285486
                ],
                [
                    3.148195215213487,
                    -1.6001085518360458,
                    -19.261067691172794
                ],
                [
                    2.761859435103583,
                    -1.582719571718766,
                    -14.828010731569973
                ],
                [
                    5.0219221493387245,
                    -0.022847297902987673,
                    -19.103961477882404
                ],
                [
                    4.63558636922882,
                    -0.0054583177857079335,
                    -14.670904518279581
                ],
                [
                    3.14336951541308,
                    -0.029304341698263014,
                    -19.26764983616689
                ],
                [
                    2.757033735303176,
                    -0.011915361580983275,
                    -14.834592876564068
                ]
            ]
        },
        "1": {
            "model_file": "models\\car_001.obj",
            "matrix": [
                0.988,
                0.1545,
                0.0028,
                -1.3639,
                -0.0034,
                0.0039,
                1.0013,
                -1.2937,
                0.1547,
                -0.9866,
                0.0044,
                -29.6627,
                0.0,
                0.0,
                0.0,
                1.0
            ],
            "actor_id": 0,
            "R_matrix_c2o": [
                0.988,
                0.1544999999999999,
                0.0027999999999999393,
                0.0033999999999999395,
                -0.0039000000000000094,
                -1.0013,
                -0.1546999999999999,
                0.9866,
                -0.0044
            ],
            "T_matrix_c2o": [
                -1.3639,
                1.2937,
                30.172700000000003
            ],
            "class": 2,
            "class_name": "Car",
            "size": [
                1.8,
                4.4,
                1.6
            ],
            "2d_bbox": [
                560.4,
                181.29,
                619.32,
                217.82
            ],
            "3d_bbox": [
                [
                    560,
                    217
                ],
                [
                    582,
                    212
                ],
                [
                    602,
                    217
                ],
                [
                    619,
                    213
                ],
                [
                    560,
                    181
                ],
                [
                    582,
                    181
                ],
                [
                    603,
                    181
                ],
                [
                    619,
                    181
                ]
            ],
            "3d_bbox_w": [
                [
                    -2.639685480942228,
                    -1.300353129460456,
                    -27.61031005488188
                ],
                [
                    -1.9512108726904809,
                    -1.2829662886254016,
                    -32.006826291520206
                ],
                [
                    -0.7765957084622173,
                    -1.3068047909156144,
                    -27.318584115933486
                ],
                [
                    -0.08812110021047026,
                    -1.2894179500805598,
                    -31.71510035257181
                ],
                [
                    -2.6353255675633482,
                    0.2704509359104541,
                    -27.603415275403847
                ],
                [
                    -1.9468509593116012,
                    0.2878377767455087,
                    -31.999931512042174
                ],
                [
                    -0.7722357950833377,
                    0.2639992744552959,
                    -27.311689336455455
                ],
                [
                    -0.08376118683159062,
                    0.2813861152903503,
                    -31.70820557309378
                ]
            ]
        },
        "2": {
            "model_file": "models\\car_001.obj",
            "matrix": [
                -0.9962,
                -0.0867,
                -0.0031,
                -2.6345,
                -0.0034,
                0.0039,
                1.0013,
                -1.6135,
                -0.0868,
                0.9948,
                -0.0042,
                -9.9027,
                0.0,
                0.0,
                0.0,
                1.0
            ],
            "actor_id": 0,
            "R_matrix_c2o": [
                -0.9962,
                -0.08669999999999987,
                -0.0031000000000000615,
                0.003400000000000061,
                -0.0038999999999999946,
                -1.0013,
                0.08679999999999988,
                -0.9948,
                0.0042
            ],
            "T_matrix_c2o": [
                -2.6345,
                1.6135,
                10.4127
            ],
            "class": 2,
            "class_name": "Car",
            "size": [
                1.8,
                4.4,
                1.6
            ],
            "2d_bbox": [
                327.32,
                190.04,
                543.75,
                314.91
            ],