{
    "image_file": "images\\scene2\\000039.png",
    "model": {
        "num": 1,
        "0": {
            "model_file": "models\\car_001.obj",
            "matrix": [
                0.9919,
                0.1031,
                -0.0749,
                -3.6471,
                0.0656,
                0.0908,
                0.9937,
                -2.0571,
                0.1092,
                -0.9905,
                0.0833,
                -8.8653,
                0.0,
                0.0,
                0.0,
                1.0
            ],
            "actor_id": 0,
            "R_matrix_c2o": [
                0.9919,
                0.10309999999999987,
                -0.07490000000000004,
                -0.06560000000000006,
                -0.0908,
                -0.9937,
                -0.10919999999999988,
                0.9905,
                -0.08330000000000001
            ],
            "T_matrix_c2o": [
                -3.6471,
                2.0571,
                9.385299999999999
            ],
            "class": 2,
            "class_name": "Car",
            "size": [
                1.8857,
                4.4562,
                1.5688
            ],
            "2d_bbox": [
                175.79,
                200.87,
                481.47,
                393.49
            ],
            "3d_bbox": [
                [
                    194,
                    393
                ],
                [
                    380,
                    293
                ],
                [
                    352,
                    388
                ],
                [
                    481,
                    288
                ],
                [
                    175,
                    256
                ],
                [
                    371,
                    207
                ],
                [
                    336,
                    247
                ],
                [
                    473,
                    200
                ]
            ]
        }
    },
    "camera": {
        "matrix": [
            1.0,
            0.0,
            0.0,
            0.0,
            0.0,
            1.0,
            0.0,
            0.0,
            0.0,
            0.0,
            1.0,
            0.52,
            0.0,
            0.0,
            0.0,
            1.0
        ],
        "position": [
            0.0,
            0.0,
            0.52
        ],
        "focalPoint": [
            0.0,
            0.0,
            0.0
        ],
        "fov": 88.0,
        "viewup": [
            0.0,
            1.0,
            0.0
        ],
        "distance": 0.52
    }
}