{
    "image_file": "images\\scene2\\000025.png",
    "model": {
        "num": 1,
        "0": {
            "model_file": "models\\car_001.obj",
            "matrix": [
                -0.9826,
                -0.1855,
                0.011,
                -2.3853,
                0.0094,
                0.0092,
                0.9999,
                -1.58,
                -0.1856,
                0.9826,
                -0.0073,
                -10.07,
                0.0,
                0.0,
                0.0,
                1.0
            ],
            "actor_id": 0,
            "R_matrix_c2o": [
                -0.9826,
                -0.1854999999999999,
                0.010999999999999937,
                -0.00939999999999994,
                -0.009199999999999988,
                -0.9999,
                0.18559999999999988,
                -0.9826,
                0.007300000000000002
            ],
            "T_matrix_c2o": [
                -2.3853,
                1.58,
                10.59
            ],
            "class": 2,
            "class_name": "Car",
            "size": [
                1.8857,
                4.4562,
                1.5688
            ],
            "2d_bbox": [
                340.46,
                186.24,
                568.36,
                310.73
            ],
            "3d_bbox": [
                [
                    567,
                    270
                ],
                [
                    474,
                    310
                ],
                [
                    476,
                    266
                ],
                [
                    340,
                    304
                ],
                [
                    568,
                    189
                ],
                [
                    475,
                    187
                ],
                [
                    477,
                    188
                ],
                [
                    342,
                    186
                ]
            ]
        }
    },
    "camera": {
        "matrix": [
            1.0,
            0.0,
            0.0,
            0.0,
            0.0,
            1.0,
            0.0,
            0.0,
            0.0,
            0.0,
            1.0,
            0.52,
            0.0,
            0.0,
            0.0,
            1.0
        ],
        "position": [
            0.0,
            0.0,
            0.52
        ],
        "focalPoint": [
            0.0,
            0.0,
            0.0
        ],
        "fov": 88.0,
        "viewup": [
            0.0,
            1.0,
            0.0
        ],
        "distance": 0.52
    }
}