{
    "image_file": "images\\scene1\\000179.png",
    "model": {
        "num": 4,
        "0": {
            "model_file": "models\\pedestrian_001.obj",
            "matrix": [
                0.9979,
                0.0652,
                0.0032,
                -12.6103,
                -0.0034,
                0.0039,
                1.0013,
                -1.5729,
                0.0653,
                -0.9965,
                0.0041,
                -22.9927,
                0.0,
                0.0,
                0.0,
                1.0
            ],
            "actor_id": 0,
            "R_matrix_c2o": [
                0.9979,
                0.06519999999999987,
                0.0031999999999999394,
                0.0033999999999999387,
                -0.0039000000000000037,
                -1.0013,
                -0.06529999999999987,
                0.9965,
                -0.0041
            ],
            "T_matrix_c2o": [
                -12.6103,
                1.5729,
                23.5027
            ],
            "class": 5,
            "class_name": "Pedestrian",
            "size": [
                0.91,
                0.33,
                1.77
            ],
            "2d_bbox": [
                259.87,
                182.0,
                289.26,
                231.09
            ],
            "3d_bbox": [
                [
                    259,
                    230
                ],
                [
                    265,
                    230
                ],
                [
                    283,
                    231
                ],
                [
                    289,
                    230
                ],
                [
                    259,
                    182
                ],
                [
                    265,
                    182
                ],
                [
                    284,
                    182
                ],
                [
                    289,
                    182
                ]
            ],
            "3d_bbox_w": [
                [
                    -13.072716406933415,
                    -1.5709521128563473,
                    -22.859058841369492
                ],
                [
                    -13.051357801844498,
                    -1.569679345809678,
                    -23.185444208121346
                ],
                [
                    -12.169235659820052,
                    -1.5740559719610516,
                    -22.79994731260994
                ],
                [
                    -12.147877054731133,
                    -1.5727832049143822,
                    -23.126332679361795
                ],
                [
                    -13.067111550833891,
                    0.19895505551503256,
                    -22.851790159408694
                ],
                [
                    -13.045752945744972,
                    0.2002278225617018,
                    -23.17817552616055
                ],
                [
                    -12.163630803720526,
                    0.19585119641032822,
                    -22.792678630649142
                ],
                [
                    -12.14227219863161,
                    0.19712396345699768,
                    -23.119063997401
                ]
            ]
        },
        "1": {
            "model_file": "models\\tram_001.obj",
            "matrix": [
                0.9985,
                0.0553,
                0.0032,
                8.4838,
                -0.0034,
                0.0039,
                1.0013,
                -0.8193,
                0.0553,
                -0.9971,
                0.0041,
                -41.3327,
                0.0,
                0.0,
                0.0,
                1.0
            ],
            "actor_id": 0,
            "R_matrix_c2o": [
                0.9985,
                0.05529999999999988,
                0.0031999999999999394,
                0.0033999999999999387,
                -0.0039000000000000033,
                -1.0013,
                -0.05529999999999988,
                0.9971,
                -0.0041
            ],
            "T_matrix_c2o": [
                8.4838,
                0.8193,
                41.8427
            ],
            "class": 1,
            "class_name": "Tram",
            "size": [
                2.62,
                16.8,
                3.62
            ],
            "2d_bbox": [
                719.12,
                134.94,
                801.6,
                205.02
            ],
            "3d_bbox": [
                [
                    750,
                    204
                ],
                [
                    719,
                    198
                ],
                [
                    801,
                    205
                ],
                [
                    753,
                    198
                ],
                [
                    750,
                    134
                ],
                [
                    719,
                    151
                ],
                [
                    801,
                    134
                ],
                [
                    753,
                    151
                ]
            ],
            "3d_bbox_w": [
                [
                    6.7132102905286235,
                    -0.8970096781610929,
                    -33.02879585801939
                ],
                [
                    7.6418041203318126,
                    -0.8314302578881342,
                    -49.78176778929095
                ],
                [
                    9.325481108643128,
                    -0.9059279750639619,
                    -32.884036246609284
                ],
                [
                    10.254074938446315,
                    -0.8403485547910032,
                    -49.637008177880844
                ],
                [
                    6.724758904737428,
                    2.7263248777581635,
                    -33.013972210457155
                ],
                [
                    7.653352734540617,
                    2.791904298031122,
                    -49.766944141728715
                ],
                [
                    9.337029722851932,
                    2.7174065808552945,
                    -32.869212599047046
                ],
                [
                    10.265623552655121,
                    2.7829860011282532,
                    -49.622184530318606
                ]
            ]
        },
        "2": {
            "model_file": "models\\car_001.obj",
            "matrix": [
                -0.9993,
                -0.0369,
                -0.0033,
                0.1391,
                -0.0034,
                0.0039,
                1.0013,
                -1.4712,
                -0.0369,
                0.9979,
                -0.004,
                -19.5127,
                0.0,
                0.0,
                0.0,
                1.0
            ],
            "actor_id": 0,
            "R_matrix_c2o": [
                -0.9993,
                -0.03689999999999988,
                -0.0033000000000000616,
                0.003400000000000061,
                -0.0038999999999999977,
                -1.0013,
                0.03689999999999988,
                -0.9979,
                0.004
            ],
            "T_matrix_c2o": [
                0.1391,
                1.4712,
                20.0227
            ],
            "class": 2,
            "class_name": "Car",
            "size": [
                1.8,
                4.4,
                1.6
            ],
            "2d_bbox": [
                588.78,
                183.49,
                657.3,
                240.59
            ],