{
    "image_file": "images\\scene1\\000176.png",
    "model": {
        "num": 5,
        "0": {
            "model_file": "models\\car_001.obj",
            "matrix": [
                0.9567,
                0.2907,
                0.0021,
                1.7611,
                -0.0034,
                0.0039,
                1.0013,
                -1.1775,
                0.2911,
                -0.9554,
                0.0047,
                -40.6027,
                0.0,
                0.0,
                0.0,
                1.0
            ],
            "actor_id": 0,
            "R_matrix_c2o": [
                0.9567,
                0.2906999999999999,
                0.002099999999999939,
                0.0033999999999999413,
                -0.0039000000000000176,
                -1.0013,
                -0.2910999999999999,
                0.9554,
                -0.0047
            ],
            "T_matrix_c2o": [
                1.7611,
                1.1775,
                41.1127
            ],
            "class": 2,
            "class_name": "Car",
            "size": [
                1.8,
                4.4,
                1.6
            ],
            "2d_bbox": [
                624.48,
                181.14,
                670.81,
                207.36
            ],
            "3d_bbox": [
                [
                    624,
                    206
                ],
                [
                    643,
                    204
                ],
                [
                    654,
                    207
                ],
                [
                    670,
                    205
                ],
                [
                    624,
                    181
                ],
                [
                    643,
                    181
                ],
                [
                    654,
                    181
                ],
                [
                    670,
                    181
                ]
            ],
            "3d_bbox_w": [
                [
                    0.21132973203438365,
                    -1.1841541999908585,
                    -38.7484300512649
                ],
                [
                    1.5067922290709665,
                    -1.1668311050899804,
                    -43.005898480558
                ],
                [
                    2.0154027760327713,
                    -1.190539973667261,
                    -38.19951268690545
                ],
                [
                    3.3108652730693544,
                    -1.173216878766383,
                    -42.456981116198556
                ],
                [
                    0.21463877469570147,
                    0.38664934614154833,
                    -38.74103177689312
                ],
                [
                    1.5101012717322844,
                    0.40397244104242636,
                    -42.99850020618622
                ],
                [
                    2.018711818694089,
                    0.38026357246514575,
                    -38.19211441253367
                ],
                [
                    3.3141743157306722,
                    0.39758666736602377,
                    -42.449582841826775
                ]
            ]
        },
        "1": {
            "model_file": "models\\car_001.obj",
            "matrix": [
                0.9955,
                0.0951,
                0.003,
                -1.3516,
                -0.0034,
                0.0039,
                1.0013,
                -1.3969,
                0.0952,
                -0.9941,
                0.0042,
                -25.1927,
                0.0,
                0.0,
                0.0,
                1.0
            ],
            "actor_id": 0,
            "R_matrix_c2o": [
                0.9955,
                0.09509999999999988,
                0.0029999999999999393,
                0.0033999999999999387,
                -0.0039000000000000055,
                -1.0013,
                -0.09519999999999988,
                0.9941,
                -0.0042
            ],
            "T_matrix_c2o": [
                -1.3516,
                1.3969,
                25.7027
            ],
            "class": 2,
            "class_name": "Car",
            "size": [
                1.8,
                4.4,
                1.6
            ],
            "2d_bbox": [
                552.49,
                182.92,
                616.44,
                226.4
            ],
            "3d_bbox": [
                [
                    552,
                    225
                ],
                [
                    573,
                    219
                ],
                [
                    603,
                    226
                ],
                [
                    616,
                    219
                ],
                [
                    552,
                    182
                ],
                [
                    573,
                    183
                ],
                [
                    603,
                    183
                ],
                [
                    616,
                    183
                ]
            ],
            "3d_bbox_w": [
                [
                    -2.50209065937859,
                    -1.4035611376896173,
                    -23.067504858117154
                ],
                [
                    -2.078348971904771,
                    -1.386215452640266,
                    -27.497444951494245
                ],
                [
                    -0.6248581516830699,
                    -1.4099556259231931,
                    -22.887965014000134
                ],
                [
                    -0.2011164642092511,
                    -1.3926099408738417,
                    -27.31790510737723
                ],
                [
                    -2.497371390983237,
                    0.16724228006493824,
                    -23.060902869942183
                ],
                [
                    -2.0736297035094187,
                    0.18458796511428943,
                    -27.490842963319274
                ],
                [
                    -0.6201388832877175,
                    0.16084779183136244,
                    -22.881363025825163
                ],
                [
                    -0.1963971958138988,
                    0.17819347688071385,
                    -27.311303119202258
                ]
            ]
        },
        "2": {
            "model_file": "models\\car_001.obj",
            "matrix": [
                0.9979,
                0.0652,
                0.0032,
                -2.2794,
                -0.0034,
                0.0039,
                1.0013,
                -1.5118,
                0.0653,
                -0.9965,
                0.0041,
                -19.2327,
                0.0,
                0.0,
                0.0,
                1.0
            ],
            "actor_id": 0,
            "R_matrix_c2o": [
                0.9979,
                0.06519999999999987,
                0.0031999999999999394,
                0.0033999999999999387,
                -0.0039000000000000037,
                -1.0013,
                -0.06529999999999987,
                0.9965,
                -0.0041
            ],
            "T_matrix_c2o": [
                -2.2794,
                1.5118,
                19.742700000000003
            ],
            "class": 2,
            "class_name": "Car",
            "size": [
                1.8,
                4.4,
                1.6
            ],
            "2d_bbox": [
                497.46,
                185.46,
                585.97,
                243.87
            ],