{
    "image_file": "images\\scene2\\000173.png",
    "model": {
        "num": 1,
        "0": {
            "model_file": "models\\car_001.obj",
            "matrix": [
                0.9542,
                0.2886,
                0.0784,
                -2.0212,
                -0.0944,
                0.042,
                0.9947,
                -1.7512,
                0.2838,
                -0.9565,
                0.0673,
                -7.44,
                0.0,
                0.0,
                0.0,
                1.0
            ],
            "actor_id": 0,
            "R_matrix_c2o": [
                0.9542,
                0.2885999999999999,
                0.07839999999999996,
                0.09439999999999994,
                -0.04200000000000002,
                -0.9947,
                -0.2837999999999999,
                0.9565,
                -0.06729999999999998
            ],
            "T_matrix_c2o": [
                -2.0212,
                1.7512,
                7.960000000000001
            ],
            "class": 2,
            "class_name": "Car",
            "size": [
                1.8857,
                4.4562,
                1.5688
            ],
            "2d_bbox": [
                243.44,
                188.09,
                597.37,
                412.2
            ],
            "3d_bbox": [
                [
                    243,
                    373
                ],
                [
                    478,
                    285
                ],
                [
                    416,
                    412
                ],
                [
                    589,
                    302
                ],
                [
                    250,
                    208
                ],
                [
                    485,
                    188
                ],
                [
                    426,
                    231
                ],
                [
                    597,
                    199
                ]
            ]
        }
    },
    "camera": {
        "matrix": [
            1.0,
            0.0,
            0.0,
            0.0,
            0.0,
            1.0,
            0.0,
            0.0,
            0.0,
            0.0,
            1.0,
            0.52,
            0.0,
            0.0,
            0.0,
            1.0
        ],
        "position": [
            0.0,
            0.0,
            0.52
        ],
        "focalPoint": [
            0.0,
            0.0,
            0.0
        ],
        "fov": 88.0,
        "viewup": [
            0.0,
            1.0,
            0.0
        ],
        "distance": 0.52
    }
}