{
    "image_file": "images\\scene1\\000063.png",
    "model": {
        "num": 4,
        "0": {
            "model_file": "models\\car_001.obj",
            "matrix": [
                -0.9944776182635241,
                -0.09920794289751782,
                -0.034235228040052246,
                8.136281229292845,
                -0.023936847488587265,
                -0.10319661884486442,
                0.9943729105276814,
                -1.4387593615717567,
                -0.10218265070558583,
                0.989701087159665,
                0.10025200232289513,
                -16.6288534184809,
                0.0,
                0.0,
                0.0,
                1.0
            ],
            "class": 1,
            "size": [
                1.6541399955749512,
                3.9089720249176025,
                1.600256057223305
            ]
        },
        "1": {
            "model_file": "models\\van_001.obj",
            "matrix": [
                -0.8497514512776279,
                -0.22938229526973686,
                0.02955610067493697,
                10.937002011722296,
                0.054937180454918244,
                -0.09086963201354292,
                0.8742379227648176,
                -1.1475231885679635,
                -0.22465908989841488,
                0.8453956482105034,
                0.10198931675183462,
                -28.319438153026866,
                0.0,
                0.0,
                0.0,
                1.0
            ],
            "class": 4,
            "size": [
                1.8621000051498413,
                4.981686115264893,
                2.1579938968643546
            ]
        },
        "2": {
            "model_file": "models\\van_001.obj",
            "matrix": [
                -0.8497514512776281,
                -0.22938229526973689,
                0.02955610067493697,
                10.937002011722296,
                0.054937180454918244,
                -0.09086963201354294,
                0.8742379227648178,
                -1.1475231885679635,
                -0.22465908989841493,
                0.8453956482105035,
                0.10198931675183465,
                -28.319438153026866,
                0.0,
                0.0,
                0.0,
                1.0
            ],
            "class": 4,
            "size": [
                1.8621000051498413,
                4.981686115264893,
                2.1579938968643546
            ]
        },
        "3": {
            "model_file": "models\\car_001.obj",
            "matrix": [
                -0.17214362293126312,
                1.3597484426030366,
                0.031238018667357613,
                -5.10328233923079,
                -0.19132160043832364,
                -0.055382612453403576,
                1.3564121347625395,
                -1.6402439207514787,
                1.3465837093093813,
                0.16595784694915286,
                0.19671139963454498,
                -14.287367194174482,
                0.0,
                0.0,
                0.0,
                1.0
            ],
            "class": 1,
            "size": [
                1.6541399955749512,
                3.9089720249176025,
                1.600256057223305
            ]
        }
    },
    "camera": {
        "matrix": [
            1.0,
            0.0,
            0.0,
            0.0,
            0.0,
            1.0,
            0.0,
            0.0,
            0.0,
            0.0,
            1.0,
            0.52,
            0.0,
            0.0,
            0.0,
            1.0
        ],
        "position": [
            0.0,
            0.0,
            0.52
        ],
        "focalPoint": [
            0.0,
            0.0,
            0.0
        ],
        "fov": 88.0,
        "viewup": [
            0.0,
            1.0,
            0.0
        ],
        "distance": 0.52
    }
}