{
    "image_file": "images\\scene1\\000025.png",
    "model": {
        "num": 5,
        "0": {
            "model_file": "models\\car_001.obj",
            "matrix": [
                1.301261070562222,
                0.21635040367614303,
                0.06715297281647503,
                -1.8818366169414198,
                -0.08607744489153002,
                0.11004848913870864,
                1.3134220175590523,
                -1.2018890752685647,
                0.2095416245280814,
                -1.2983371001234856,
                0.12251724255253621,
                -33.89090263264515,
                0.0,
                0.0,
                0.0,
                1.0
            ],
            "class": 1,
            "size": [
                1.6541399955749512,
                3.9089720249176025,
                1.600256057223305
            ]
        },
        "1": {
            "model_file": "models\\car_001.obj",
            "matrix": [
                -1.3120515242734188,
                -0.3964065233411409,
                0.030128620810965734,
                -3.280316020179134,
                0.0697974770014983,
                -0.12740803237520804,
                1.36323900082784,
                -1.911017510118623,
                -0.3913747280339013,
                1.3061983499554777,
                0.1421153078226484,
                -13.301899991630465,
                0.0,
                0.0,
                0.0,
                1.0
            ],
            "class": 1,
            "size": [
                1.6541399955749512,
                3.9089720249176025,
                1.600256057223305
            ]
        },
        "2": {
            "model_file": "models\\van_001.obj",
            "matrix": [
                0.7895930668103377,
                0.6135417664104342,
                0.010454172133194158,
                -5.269521809232233,
                -0.02600668213521311,
                0.016438119198828604,
                0.999526608310909,
                -2.471879511752094,
                0.6130794739096604,
                -0.7894911583464045,
                0.028935610646510686,
                -5.155083055516586,
                0.0,
                0.0,
                0.0,
                1.0
            ],
            "class": 4,
            "size": [
                1.8621000051498413,
                4.981686115264893,
                2.1579938968643546
            ]
        },
        "3": {
            "model_file": "models\\van_001.obj",
            "matrix": [
                -0.9672282428104526,
                0.2501142182937611,
                0.04373104294559085,
                4.825465784505688,
                0.04705396954130761,
                0.007318642597324177,
                0.9988655372075586,
                -2.7041505284281344,
                0.2495104211455186,
                0.9681886775199534,
                -0.01884766462861017,
                -5.2210761031688095,
                0.0,
                0.0,
                0.0,
                1.0
            ],
            "class": 4,
            "size": [
                1.8621000051498413,
                4.981686115264893,
                2.1579938968643546
            ]
        },
        "4": {
            "model_file": "models\\van_001.obj",
            "matrix": [
                -0.9995258543238343,
                -0.02864489538572083,
                0.011293206212347362,
                4.943432295138908,
                0.014306479749377377,
                -0.1072728209929426,
                0.9941266853441806,
                -2.0681583079827544,
                -0.02726520081338381,
                0.9938168905007404,
                0.10763176566445772,
                -22.851484649083748,
                0.0,
                0.0,
                0.0,
                1.0
            ],
            "class": 4,
            "size": [
                1.8621000051498413,
                4.981686115264893,
                2.1579938968643546
            ]
        }
    },
    "camera": {
        "matrix": [
            1.0,
            0.0,
            0.0,
            0.0,
            0.0,
            1.0,
            0.0,
            0.0,
            0.0,
            0.0,
            1.0,
            0.52,
            0.0,
            0.0,
            0.0,
            1.0
        ],
        "position": [
            0.0,
            0.0,
            0.52
        ],
        "focalPoint": [
            0.0,
            0.0,
            0.0
        ],
        "fov": 88.0,
        "viewup": [
            0.0,
            1.0,
            0.0
        ],
        "distance": 0.52
    }
}