{
    "image_file": "images\\scene1\\000025.png",
    "model": {
        "num": 1,
        "0": {
            "model_file": "models\\car_001.obj",
            "matrix": [
                -0.9944,
                -0.1052,
                0.009,
                -2.907,
                0.0143,
                -0.0492,
                0.9985,
                -1.7306,
                -0.1046,
                0.9932,
                0.0504,
                -10.9272,
                0.0,
                0.0,
                0.0,
                1.0
            ],
            "actor_id": 6,
            "R_matrix_c2o": [
                -0.9944,
                -0.10519999999999988,
                0.008999999999999946,
                -0.01429999999999994,
                0.04920000000000001,
                -0.9985,
                0.10459999999999987,
                -0.9932,
                -0.0504
            ],
            "T_matrix_c2o": [
                -2.907,
                1.7306,
                11.447199999999999
            ],
            "class": 2,
            "class_name": "Car",
            "size": [
                1.8857,
                4.4562,
                1.5688
            ],
            "2d_bbox": [
                337.3,
                189.5,
                538.57,
                318.63
            ],
            "3d_bbox": [
                [
                    538,
                    265
                ],
                [
                    465,
                    318
                ],
                [
                    451,
                    263
                ],
                [
                    338,
                    313
                ],
                [
                    538,
                    190
                ],
                [
                    464,
                    208
                ],
                [
                    451,
                    189
                ],
                [
                    337,
                    205
                ]
            ]
        }
    },
    "camera": {
        "matrix": [
            1.0,
            0.0,
            0.0,
            0.0,
            0.0,
            1.0,
            0.0,
            0.0,
            0.0,
            0.0,
            1.0,
            0.52,
            0.0,
            0.0,
            0.0,
            1.0
        ],
        "position": [
            0.0,
            0.0,
            0.52
        ],
        "focalPoint": [
            0.0,
            0.0,
            0.0
        ],
        "fov": 88.0,
        "viewup": [
            0.0,
            1.0,
            0.0
        ],
        "distance": 0.52
    }
}