{
    "image_file": "images\\scene1\\000039.png",
    "model": {
        "num": 4,
        "0": {
            "model_file": "models\\car_001.obj",
            "matrix": [
                0.9999,
                -0.0146,
                0.0035,
                -3.044,
                -0.0034,
                0.0039,
                1.0013,
                -1.7129,
                -0.0146,
                -0.9985,
                0.0038,
                -6.6527,
                0.0,
                0.0,
                0.0,
                1.0
            ],
            "actor_id": 0,
            "R_matrix_c2o": [
                0.9999,
                -0.014600000000000122,
                0.0034999999999999394,
                0.0033999999999999387,
                -0.003899999999999999,
                -1.0013,
                0.014600000000000123,
                0.9985,
                -0.0037999999999999996
            ],
            "T_matrix_c2o": [
                -3.044,
                1.7129,
                7.1627
            ],
            "class": 2,
            "class_name": "Car",
            "size": [
                1.8,
                4.4,
                1.6
            ],
            "2d_bbox": [
                103.42,
                196.55,
                474.86,
                412.57
            ],
            "3d_bbox": [
                [
                    103,
                    412
                ],
                [
                    344,
                    304
                ],
                [
                    351,
                    412
                ],
                [
                    474,
                    304
                ],
                [
                    103,
                    206
                ],
                [
                    344,
                    196
                ],
                [
                    352,
                    207
                ],
                [
                    474,
                    196
                ]
            ],
            "3d_bbox_w": [
                [
                    -3.9542763509004466,
                    -1.7194841842695054,
                    -4.414151488983737
                ],
                [
                    -4.019262571715616,
                    -1.7022381175238575,
                    -8.863694134577695
                ],
                [
                    -2.0687456702935547,
                    -1.7259329623516793,
                    -4.441714935160025
                ],
                [
                    -2.1337318911087233,
                    -1.7086868956060313,
                    -8.891257580753983
                ],
                [
                    -3.948816145417198,
                    -0.1486798972836776,
                    -4.408142925949747
                ],
                [
                    -4.013802366232367,
                    -0.1314338305380296,
                    -8.857685571543705
                ],
                [
                    -2.0632854648103063,
                    -0.15512867536585118,
                    -4.4357063721260355
                ],
                [
                    -2.128271685625475,
                    -0.1378826086202034,
                    -8.885249017719993
                ]
            ]
        },
        "1": {
            "model_file": "models\\car_001.obj",
            "matrix": [
                -1.0,
                -0.0069,
                -0.0034,
                2.7667,
                -0.0034,
                0.0039,
                1.0013,
                -1.5943,
                -0.0069,
                0.9986,
                -0.0039,
                -16.1527,
                0.0,
                0.0,
                0.0,
                1.0
            ],
            "actor_id": 0,
            "R_matrix_c2o": [
                -1.0,
                -0.006899999999999878,
                -0.0034000000000000614,
                0.003400000000000061,
                -0.0038999999999999994,
                -1.0013,
                0.006899999999999878,
                -0.9986,
                0.0038999999999999994
            ],
            "T_matrix_c2o": [
                2.7667,
                1.5943,
                16.6627
            ],
            "class": 2,
            "class_name": "Car",
            "size": [
                1.8,
                4.4,
                1.6
            ],
            "2d_bbox": [
                683.63,
                188.07,
                786.21,
                258.55
            ],
            "3d_bbox": [
                [
                    748,
                    242
                ],
                [
                    786,
                    258
                ],
                [
                    683,
                    242
                ],
                [
                    701,
                    258
                ],
                [
                    748,
                    188
                ],
                [
                    785,
                    188
                ],
                [
                    683,
                    188
                ],
                [
                    701,
                    188
                ]
            ],
            "3d_bbox_w": [
                [
                    3.724941774527843,
                    -1.6009209892983718,
                    -18.371185773861903
                ],
                [
                    3.6941860357772374,
                    -1.5836174649620496,
                    -13.921196963555595
                ],
                [
                    1.8392219885370786,
                    -1.6073536139629623,
                    -18.38419376118162
                ],
                [
                    1.808466249786473,
                    -1.5900500896266399,
                    -13.934204950875312
                ],
                [
                    3.7196257885683606,
                    -0.03011733202074862,
                    -18.377330494119025
                ],
                [
                    3.688870049817755,
                    -0.012813807684426415,
                    -13.927341683812717
                ],
                [
                    1.833906002577596,
                    -0.03654995668533911,
                    -18.390338481438743
                ],
                [
                    1.8031502638269903,
                    -0.019246432349016684,
                    -13.940349671132434
                ]
            ]
        },
        "2": {
            "model_file": "models\\car_001.obj",
            "matrix": [
                0.9999,
                -0.0146,
                0.0035,
                2.4279,
                -0.0034,
                0.0039,
                1.0013,
                -1.2844,
                -0.0146,
                -0.9985,
                0.0038,
                -28.9627,
                0.0,
                0.0,
                0.0,
                1.0
            ],
            "actor_id": 0,
            "R_matrix_c2o": [
                0.9999,
                -0.014600000000000122,
                0.0034999999999999394,
                0.0033999999999999387,
                -0.003899999999999999,
                -1.0013,
                0.014600000000000123,
                0.9985,
                -0.0037999999999999996
            ],
            "T_matrix_c2o": [
                2.4279,
                1.2844,
                29.472700000000003
            ],
            "class": 2,
            "class_name": "Car",
            "size": [
                1.8,
                4.4,
                1.6
            ],
            "2d_bbox": [
                650.6,
                180.87,
                701.74,
                218.23
            ],