{
    "image_file": "images\\scene1\\000098.png",
    "model": {
        "num": 5,
        "0": {
            "model_file": "models\\bus_001.obj",
            "matrix": [
                -0.9981915626908515,
                -0.04647122773820129,
                -0.038131734360167535,
                -6.689714939807391,
                -0.03906687357427663,
                0.01938335975720917,
                0.9990485797766161,
                -1.868704426899053,
                -0.04568789294705613,
                0.998731550696695,
                -0.021163791745137384,
                -0.010204689433916198,
                0.0,
                0.0,
                0.0,
                1.0
            ],
            "class": 0,
            "size": [
                2.6161980628967285,
                16.801679611206055,
                3.6186299584805965
            ]
        },
        "1": {
            "model_file": "models\\van_001.obj",
            "matrix": [
                -1.0120403271577965,
                -0.04194954001696808,
                -0.025608042250293173,
                -9.74614909304034,
                -0.02314616358348448,
                -0.05891325785415187,
                1.0112539951414556,
                -2.3586622108344035,
                -0.04335655483193567,
                1.0106486153310295,
                0.0578856200772739,
                -20.823516805642214,
                0.0,
                0.0,
                0.0,
                1.0
            ],
            "class": 4,
            "size": [
                1.8621000051498413,
                4.981686115264893,
                2.1579938968643546
            ]
        },
        "2": {
            "model_file": "models\\van_001.obj",
            "matrix": [
                -0.9992963693498551,
                -0.028259872315906015,
                0.02466061274359005,
                -12.09550161514752,
                0.025822621327085127,
                -0.041519450124418274,
                0.9988039484749632,
                -2.5847662632411916,
                -0.027202176971680044,
                0.9987379610678926,
                0.042219979748299274,
                -36.519425003321366,
                0.0,
                0.0,
                0.0,
                1.0
            ],
            "class": 4,
            "size": [
                1.8621000051498413,
                4.981686115264893,
                2.1579938968643546
            ]
        },
        "3": {
            "model_file": "models\\bus_001.obj",
            "matrix": [
                -0.9424786925529399,
                0.046955335889876534,
                0.042964522458454876,
                -9.66292426729261,
                0.043286236486591495,
                0.00541544872494496,
                0.9436174088691018,
                -0.8162746734006247,
                0.046658927221284736,
                0.9434419478809851,
                -0.007554810651667219,
                -44.08835475278304,
                0.0,
                0.0,
                0.0,
                1.0
            ],
            "class": 0,
            "size": [
                2.6161980628967285,
                16.801679611206055,
                3.6186299584805965
            ]
        },
        "4": {
            "model_file": "models\\car_001.obj",
            "matrix": [
                -0.8843374631157206,
                -0.234403051022005,
                0.04713675962615832,
                2.200996221012451,
                0.0898899142873193,
                -0.15859502932176633,
                0.8977676943899706,
                -0.9878364171864834,
                -0.2215546608534768,
                0.8712762130647229,
                0.17609856872814303,
                -20.820058796681053,
                0.0,
                0.0,
                0.0,
                1.0
            ],
            "class": 1,
            "size": [
                1.6541399955749512,
                3.9089720249176025,
                1.600256057223305
            ]
        }
    },
    "camera": {
        "matrix": [
            1.0,
            0.0,
            0.0,
            0.0,
            0.0,
            1.0,
            0.0,
            0.0,
            0.0,
            0.0,
            1.0,
            0.58,
            0.0,
            0.0,
            0.0,
            1.0
        ],
        "position": [
            0.0,
            0.0,
            0.58
        ],
        "focalPoint": [
            0.0,
            0.0,
            0.0
        ],
        "fov": 82.0,
        "viewup": [
            0.0,
            1.0,
            0.0
        ],
        "distance": 0.58
    }
}