{
    "image_file": "images\\scene1\\000039.png",
    "model": {
        "num": 4,
        "0": {
            "model_file": "models\\car_001.obj",
            "matrix": [
                1.4702703705025555,
                -0.2164041525932613,
                0.10743738422389904,
                3.289708760539341,
                -0.09198215621042205,
                0.11131213578343936,
                1.4829758604010905,
                -1.691059944584601,
                -0.22341179854109092,
                -1.469982095922884,
                0.09647962015325097,
                -45.64604930786081,
                0.0,
                0.0,
                0.0,
                1.0
            ],
            "class": 1,
            "size": [
                1.6541399955749512,
                3.9089720249176025,
                1.600256057223305
            ]
        },
        "1": {
            "model_file": "models\\car_001.obj",
            "matrix": [
                0.9844483337278057,
                0.17527805737679783,
                0.011793253273767346,
                -2.7617163673216436,
                -0.03952335563671694,
                0.15557203946190837,
                0.987033558141204,
                -1.5739927143742454,
                0.17117062417300913,
                -0.9721496505887728,
                0.16008021201992806,
                -6.31,
                0.0,
                0.0,
                0.0,
                1.0
            ],
            "class": 1,
            "size": [
                1.6541399955749512,
                3.9089720249176025,
                1.600256057223305
            ]
        },
        "2": {
            "model_file": "models\\car_001.obj",
            "matrix": [
                -0.9945775642062562,
                0.09859087221607266,
                0.03309544822546723,
                2.37,
                0.026724339201100622,
                -0.06525587478550778,
                0.9975106417979994,
                -1.16,
                0.10050511664505116,
                0.9929861583736435,
                0.06226725308308408,
                -14.85,
                0.0,
                0.0,
                0.0,
                1.0
            ],
            "class": 1,
            "size": [
                1.6541399955749512,
                3.9089720249176025,
                1.600256057223305
            ]
        },
        "3": {
            "model_file": "models\\car_001.obj",
            "matrix": [
                1.4835029514965274,
                0.1317733713136542,
                -0.04385524689125253,
                -4.697874226111626,
                0.040178385799490235,
                0.04316428998523346,
                1.4888220352180292,
                -1.4349560799537793,
                0.13294059343107675,
                -1.483523216484593,
                0.03942303813113992,
                -50.63775518024105,
                0.0,
                0.0,
                0.0,
                1.0
            ],
            "class": 1,
            "size": [
                1.6541399955749512,
                3.9089720249176025,
                1.600256057223305
            ]
        }
    },
    "camera": {
        "matrix": [
            1.0,
            0.0,
            0.0,
            0.0,
            0.0,
            1.0,
            0.0,
            0.0,
            0.0,
            0.0,
            1.0,
            0.58,
            0.0,
            0.0,
            0.0,
            1.0
        ],
        "position": [
            0.0,
            0.0,
            0.58
        ],
        "focalPoint": [
            0.0,
            0.0,
            0.0
        ],
        "fov": 82.0,
        "viewup": [
            0.0,
            1.0,
            0.0
        ],
        "distance": 0.58
    }
}