{
    "image_file": "images\\scene1\\000025.png",
    "model": {
        "num": 5,
        "0": {
            "model_file": "models\\van_001.obj",
            "matrix": [
                0.9068549405644366,
                0.42142005222732404,
                -0.004388206304657662,
                -4.774592217714374,
                0.010106395514266026,
                -0.011336277126535028,
                0.9998846681445835,
                -2.4038860338382886,
                0.42132170314803696,
                -0.9067947002500665,
                -0.014539396645258072,
                -5.107532268538365,
                0.0,
                0.0,
                0.0,
                1.0
            ],
            "class": 4,
            "size": [
                1.8621000051498413,
                4.981686115264893,
                2.1579938968643546
            ]
        },
        "1": {
            "model_file": "models\\van_001.obj",
            "matrix": [
                -0.958750749827633,
                0.28096463460947324,
                0.04307985380338618,
                4.465529114582536,
                0.04906217311301852,
                0.014289432231551035,
                0.9986935041823077,
                -2.587624009891856,
                0.27998196883796644,
                0.9596117372277554,
                -0.02748473940845665,
                -5.21162930307479,
                0.0,
                0.0,
                0.0,
                1.0
            ],
            "class": 4,
            "size": [
                1.8621000051498413,
                4.981686115264893,
                2.1579938968643546
            ]
        },
        "2": {
            "model_file": "models\\car_001.obj",
            "matrix": [
                -1.30821392020282,
                -0.40799637092954516,
                0.040501459028907255,
                -3.0309721912527103,
                0.0661429880645373,
                -0.07635936784557866,
                1.3672305657641293,
                -1.9475573368771364,
                -0.4046313285016962,
                1.3066113715019032,
                0.09254879655841985,
                -13.262291936292428,
                0.0,
                0.0,
                0.0,
                1.0
            ],
            "class": 1,
            "size": [
                1.6541399955749512,
                3.9089720249176025,
                1.600256057223305
            ]
        },
        "3": {
            "model_file": "models\\van_001.obj",
            "matrix": [
                -0.995997920842306,
                -0.08909759765905254,
                0.007054060475718882,
                4.6219437771046765,
                0.015330403066291742,
                -0.09255129743600776,
                0.9955898935228032,
                -1.8368122036635235,
                -0.0880518053172936,
                0.9917136055506643,
                0.09354680190187328,
                -22.83607922069645,
                0.0,
                0.0,
                0.0,
                1.0
            ],
            "class": 4,
            "size": [
                1.8621000051498413,
                4.981686115264893,
                2.1579938968643546
            ]
        },
        "4": {
            "model_file": "models\\car_001.obj",
            "matrix": [
                1.3012610705622252,
                0.21635040367614272,
                0.0671529728164757,
                -1.6070780566778273,
                -0.090654018725422,
                0.1385072054637346,
                1.3104178706096854,
                -1.268178134466868,
                0.20760266813760553,
                -1.2956101456662812,
                0.15130391706215904,
                -33.91390574841614,
                0.0,
                0.0,
                0.0,
                1.0
            ],
            "class": 1,
            "size": [
                1.6541399955749512,
                3.9089720249176025,
                1.600256057223305
            ]
        }
    },
    "camera": {
        "matrix": [
            1.0,
            0.0,
            0.0,
            0.0,
            0.0,
            1.0,
            0.0,
            0.0,
            0.0,
            0.0,
            1.0,
            0.58,
            0.0,
            0.0,
            0.0,
            1.0
        ],
        "position": [
            0.0,
            0.0,
            0.58
        ],
        "focalPoint": [
            0.0,
            0.0,
            0.0
        ],
        "fov": 82.0,
        "viewup": [
            0.0,
            1.0,
            0.0
        ],
        "distance": 0.58
    }
}