{
    "image_file": "images\\scene1\\000039.png",
    "model": {
        "num": 4,
        "0": {
            "model_file": "models\\car_001.obj",
            "matrix": [
                -0.9845210333264044,
                0.16517500115568756,
                -0.05861359851723641,
                2.6894913935407674,
                -0.0708921362560826,
                -0.06944474633798348,
                0.9950636824963053,
                -1.30647688097949,
                0.16028923842532541,
                0.9838163681293687,
                0.08007942211178924,
                -15.446585701270212,
                0.0,
                0.0,
                0.0,
                1.0
            ],
            "class": 1,
            "size": [
                1.6541399955749512,
                3.9089720249176025,
                1.600256057223305
            ]
        },
        "1": {
            "model_file": "models\\car_001.obj",
            "matrix": [
                1.486187469731623,
                0.09723676221506182,
                -0.04313152040928647,
                -4.897812851882258,
                0.04153623701834136,
                0.02571377616399546,
                1.4891883876447198,
                -1.4554997464346344,
                0.09792883637234578,
                -1.4865908397926497,
                0.0229375067834145,
                -47.64661091002647,
                0.0,
                0.0,
                0.0,
                1.0
            ],
            "class": 1,
            "size": [
                1.6541399955749512,
                3.9089720249176025,
                1.600256057223305
            ]
        },
        "2": {
            "model_file": "models\\car_001.obj",
            "matrix": [
                1.4554762655303208,
                -0.29785663112579774,
                0.11374875356899228,
                3.7707258010134175,
                -0.08572909831204678,
                0.14639781224998136,
                1.4802995350391672,
                -1.7279085556004374,
                -0.30709586996036964,
                -1.4525555476569285,
                0.12586905414150962,
                -44.34861162224748,
                0.0,
                0.0,
                0.0,
                1.0
            ],
            "class": 1,
            "size": [
                1.6541399955749512,
                3.9089720249176025,
                1.600256057223305
            ]
        },
        "3": {
            "model_file": "models\\car_001.obj",
            "matrix": [
                0.9680808959313201,
                0.24868121487314296,
                0.03125751592879056,
                -3.0859334400848617,
                -0.06621740652093572,
                0.1334851281040292,
                0.9888361722998888,
                -1.5591004263453994,
                0.2417325671200776,
                -0.9593431992484576,
                0.14569142750783048,
                -6.2665260499909285,
                0.0,
                0.0,
                0.0,
                1.0
            ],
            "class": 1,
            "size": [
                1.6541399955749512,
                3.9089720249176025,
                1.600256057223305
            ]
        }
    },
    "camera": {
        "matrix": [
            1.0,
            0.0,
            0.0,
            0.0,
            0.0,
            1.0,
            0.0,
            0.0,
            0.0,
            0.0,
            1.0,
            0.52,
            0.0,
            0.0,
            0.0,
            1.0
        ],
        "position": [
            0.0,
            0.0,
            0.52
        ],
        "focalPoint": [
            0.0,
            0.0,
            0.0
        ],
        "fov": 88.0,
        "viewup": [
            0.0,
            1.0,
            0.0
        ],
        "distance": 0.52
    }
}