{
    "image_file": "images\\scene1\\000063.png",
    "model": {
        "num": 3,
        "0": {
            "model_file": "models\\car_001.obj",
            "matrix": [
                -0.31387129554578785,
                1.3338101831052869,
                0.044274972214411276,
                -4.689508483274735,
                -0.13148124794323085,
                -0.07616775426039517,
                1.3625109990520181,
                -1.7621313624560502,
                1.3280521673335322,
                0.30769130072704876,
                0.14535670670868117,
                -16.27,
                0.0,
                0.0,
                0.0,
                1.0
            ],
            "class": 1,
            "size": [
                1.6541399955749512,
                3.9089720249176025,
                1.600256057223305
            ]
        },
        "1": {
            "model_file": "models\\car_001.obj",
            "matrix": [
                -0.9955058718437688,
                -0.09089163669529965,
                -0.02658513688931652,
                7.507950666659626,
                -0.01778017536065485,
                -0.09634518082744728,
                0.9951891636746588,
                -1.4040164444467922,
                -0.09301572172874027,
                0.9911893444292904,
                0.09429612399831452,
                -17.26,
                0.0,
                0.0,
                0.0,
                1.0
            ],
            "class": 1,
            "size": [
                1.6541399955749512,
                3.9089720249176025,
                1.600256057223305
            ]
        },
        "2": {
            "model_file": "models\\van_001.obj",
            "matrix": [
                -0.8616583271273852,
                -0.18154187914265046,
                -0.012441978465976167,
                10.2,
                0.0044733931598706644,
                -0.081329772078318,
                0.8768881264711473,
                -0.97,
                -0.18191274134713678,
                0.8579017098186646,
                0.08049683375466511,
                -29.72,
                0.0,
                0.0,
                0.0,
                1.0
            ],
            "class": 4,
            "size": [
                1.8621000051498413,
                4.981686115264893,
                2.1579938968643546
            ]
        }
    },
    "camera": {
        "matrix": [
            1.0,
            0.0,
            0.0,
            0.0,
            0.0,
            1.0,
            0.0,
            0.0,
            0.0,
            0.0,
            1.0,
            0.58,
            0.0,
            0.0,
            0.0,
            1.0
        ],
        "position": [
            0.0,
            0.0,
            0.58
        ],
        "focalPoint": [
            0.0,
            0.0,
            0.0
        ],
        "fov": 82.0,
        "viewup": [
            0.0,
            1.0,
            0.0
        ],
        "distance": 0.58
    }
}