{
    "image_file": "images\\scene1\\000063.png",
    "model": {
        "num": 3,
        "0": {
            "model_file": "models\\car_001.obj",
            "matrix": [
                -0.9744,
                -0.2247,
                -0.0025,
                8.8325,
                -0.0034,
                0.0039,
                1.0013,
                -1.6944,
                -0.225,
                0.973,
                -0.0046,
                -18.2227,
                0.0,
                0.0,
                0.0,
                1.0
            ],
            "actor_id": 0,
            "R_matrix_c2o": [
                -0.9744,
                -0.2246999999999999,
                -0.0025000000000000616,
                0.0034000000000000597,
                -0.003899999999999986,
                -1.0013,
                0.2249999999999999,
                -0.973,
                0.0046
            ],
            "T_matrix_c2o": [
                8.8325,
                1.6944,
                18.7327
            ],
            "class": 2,
            "class_name": "Car",
            "size": [
                1.8,
                4.4,
                1.6
            ],
            "2d_bbox": [
                878.07,
                191.56,
                986.13,
                253.95
            ],
            "3d_bbox": [
                [
                    940,
                    240
                ],
                [
                    986,
                    253
                ],
                [
                    878,
                    239
                ],
                [
                    906,
                    252
                ],
                [
                    940,
                    191
                ],
                [
                    985,
                    191
                ],
                [
                    878,
                    191
                ],
                [
                    905,
                    192
                ]
            ],
            "3d_bbox_w": [
                [
                    10.251870821895983,
                    -1.7010481203893655,
                    -20.17850414226944
                ],
                [
                    9.250576878550993,
                    -1.6836487511076825,
                    -15.842589980538506
                ],
                [
                    8.41442896708999,
                    -1.7075223297901605,
                    -20.60279915473602
                ],
                [
                    7.413135023744998,
                    -1.6901229605084775,
                    -16.26688499300509
                ],
                [
                    10.247998173821497,
                    -0.13024315614091542,
                    -20.185701857339446
                ],
                [
                    9.246704230476507,
                    -0.11284378685923269,
                    -15.849787695608512
                ],
                [
                    8.410556319015503,
                    -0.13671736554171043,
                    -20.609996869806025
                ],
                [
                    7.409262375670513,
                    -0.1193179962600277,
                    -16.274082708075095
                ]
            ]
        },
        "1": {
            "model_file": "models\\van_001.obj",
            "matrix": [
                -0.9733,
                -0.2291,
                0.002,
                13.3632,
                0.0098,
                -0.0326,
                1.0007,
                -1.3923,
                -0.2292,
                0.9714,
                0.034,
                -34.2751,
                0.0,
                0.0,
                0.0,
                1.0
            ],
            "actor_id": 0,
            "R_matrix_c2o": [
                -0.9733,
                -0.2290999999999999,
                0.0019999999999999432,
                -0.00979999999999994,
                0.03260000000000001,
                -1.0007,
                0.22919999999999988,
                -0.9714,
                -0.034
            ],
            "T_matrix_c2o": [
                13.3632,
                1.3923,
                34.7851
            ],
            "class": 4,
            "class_name": "Van",
            "size": [
                1.86,
                4.98,
                2.16
            ],
            "2d_bbox": [
                845.8,
                172.42,
                896.8,
                216.97
            ],
            "3d_bbox": [
                [
                    880,
                    210
                ],
                [
                    896,
                    216
                ],
                [
                    845,
                    209
                ],
                [
                    856,
                    216
                ],
                [
                    880,
                    172
                ],
                [
                    896,
                    173
                ],
                [
                    846,
                    172
                ],
                [
                    857,
                    173
                ]
            ],
            "3d_bbox_w": [
                [
                    14.840047385346821,
                    -1.3054946868522936,
                    -36.48080361823636
                ],
                [
                    13.698789043700403,
                    -1.4677650611826474,
                    -31.641580144030367
                ],
                [
                    13.027670755638166,
                    -1.2873082870394947,
                    -36.90761565615192
                ],
                [
                    11.886412413991748,
                    -1.4495786613698485,
                    -32.06839218194593
                ],
                [
                    14.844420957119349,
                    0.8540096462407618,
                    -36.40735899356431
                ],
                [
                    13.70316261547293,
                    0.6917392719104081,
                    -31.56813551935832
                ],
                [
                    13.032044327410693,
                    0.8721960460535607,
                    -36.834171031479876
                ],
                [
                    11.890785985764275,
                    0.709925671723207,
                    -31.994947557273882
                ]
            ]
        },
        "2": {
            "model_file": "models\\pedestrian_001.obj",
            "matrix": [
                -0.35,
                0.936,
                0.0368,
                -3.0125,
                0.0961,
                -0.0032,
                0.9954,
                -1.566,
                0.9318,
                0.3519,
                -0.0888,
                -9.5424,
                0.0,
                0.0,
                0.0,
                1.0
            ],
            "actor_id": 0,
            "R_matrix_c2o": [
                -0.34999999999999987,
                0.936,
                0.03679999999999992,
                -0.09609999999999998,
                0.003199999999999943,
                -0.9954,
                -0.9318,
                -0.3518999999999999,
                0.0888
            ],
            "T_matrix_c2o": [
                -3.0125,
                1.566,
                10.0524
            ],
            "class": 5,
            "class_name": "Pedestrian",
            "size": [
                0.9054,
                0.3275,
                1.7676
            ],
            "2d_bbox": [
                399.63,
                171.75,
                460.16,
                290.07
            ],