{
    "image_file": "images\\scene1\\000067.png",
    "model": {
        "num": 4,
        "0": {
            "model_file": "models\\car_001.obj",
            "matrix": [
                -0.8159568001421547,
                -0.5711811291918406,
                -0.08925591272799871,
                -5.412960889746402,
                -0.06445310705770813,
                -0.06355003613151515,
                0.9958951701350307,
                -1.3594600414901363,
                -0.5745087443132468,
                0.8183602571989989,
                0.015039685661645071,
                -10.13941542807357,
                0.0,
                0.0,
                0.0,
                1.0
            ],
            "class": 1,
            "size": [
                1.6541399955749512,
                3.9089720249176025,
                1.600256057223305
            ]
        },
        "1": {
            "model_file": "models\\car_001.obj",
            "matrix": [
                -0.7810666182231794,
                -0.6162766269704593,
                -0.10068791857677829,
                -1.5105840736798715,
                -0.03523860531805699,
                -0.11748610085500237,
                0.9924491205100313,
                -1.295368104129667,
                -0.6234526273845161,
                0.7787169801383513,
                0.07004774265848877,
                -11.341792185097681,
                0.0,
                0.0,
                0.0,
                1.0
            ],
            "class": 1,
            "size": [
                1.6541399955749512,
                3.9089720249176025,
                1.600256057223305
            ]
        },
        "2": {
            "model_file": "models\\car_001.obj",
            "matrix": [
                -0.9480195715832365,
                -0.30785526356062237,
                -0.0805234661025086,
                4.117372693902252,
                -0.0341177552513629,
                -0.15325536896294914,
                0.9875974740047843,
                -0.30325700946970724,
                -0.31637773415926645,
                0.9390090141111771,
                0.13478575869208015,
                -43.36992877067803,
                0.0,
                0.0,
                0.0,
                1.0
            ],
            "class": 1,
            "size": [
                1.6541399955749512,
                3.9089720249176025,
                1.600256057223305
            ]
        },
        "3": {
            "model_file": "models\\car_001.obj",
            "matrix": [
                -0.9706457713825423,
                -0.2315962758306818,
                -0.06488413919098335,
                5.522487990519979,
                -0.023462718944603278,
                -0.1773082705918295,
                0.9838756415317205,
                -0.5129521288446924,
                -0.23936642896806426,
                0.9565170893408493,
                0.16666964475267787,
                -38.378778947952114,
                0.0,
                0.0,
                0.0,
                1.0
            ],
            "class": 1,
            "size": [
                1.6541399955749512,
                3.9089720249176025,
                1.600256057223305
            ]
        }
    },
    "camera": {
        "matrix": [
            1.0,
            0.0,
            0.0,
            0.0,
            0.0,
            1.0,
            0.0,
            0.0,
            0.0,
            0.0,
            1.0,
            0.58,
            0.0,
            0.0,
            0.0,
            1.0
        ],
        "position": [
            0.0,
            0.0,
            0.58
        ],
        "focalPoint": [
            0.0,
            0.0,
            0.0
        ],
        "fov": 82.0,
        "viewup": [
            0.0,
            1.0,
            0.0
        ],
        "distance": 0.58
    }
}