{
    "image_file": "images\\scene1\\000025.png",
    "model": {
        "num": 5,
        "0": {
            "model_file": "models\\car_001.obj",
            "matrix": [
                1.3012610705622307,
                0.21635040367614136,
                0.06715297281647414,
                -1.6070780566778273,
                -0.09065401872542089,
                0.13850720546373427,
                1.3104178706096887,
                -1.268178134466868,
                0.2076026681376063,
                -1.2956101456662745,
                0.1513039170621595,
                -33.91390574841614,
                0.0,
                0.0,
                0.0,
                1.0
            ],
            "class": 1,
            "size": [
                1.6541399955749512,
                3.9089720249176025,
                1.600256057223305
            ]
        },
        "1": {
            "model_file": "models\\car_001.obj",
            "matrix": [
                -1.3370727721186444,
                -0.3009383470716143,
                0.03460608629053795,
                -3.1362648086330625,
                0.040069675370959054,
                -0.020463151164032786,
                1.3702192337168744,
                -1.9222113538356473,
                -0.30025970602498664,
                1.337363988820465,
                0.02875305603840952,
                -13.201903214788235,
                0.0,
                0.0,
                0.0,
                1.0
            ],
            "class": 1,
            "size": [
                1.6541399955749512,
                3.9089720249176025,
                1.600256057223305
            ]
        },
        "2": {
            "model_file": "models\\van_001.obj",
            "matrix": [
                -0.9523079308676925,
                0.3021594205351552,
                0.042535742480399825,
                4.536507816083414,
                0.04939593339063504,
                0.015095254957443939,
                0.9986651966711545,
                -2.4774372918963783,
                0.30111400925723625,
                0.9531378797737717,
                -0.029300777624550845,
                -5.211404185689455,
                0.0,
                0.0,
                0.0,
                1.0
            ],
            "class": 4,
            "size": [
                1.8621000051498413,
                4.981686115264893,
                2.1579938968643546
            ]
        },
        "3": {
            "model_file": "models\\van_001.obj",
            "matrix": [
                0.9753920906634114,
                0.22046784236947461,
                -0.00204937848828865,
                -4.27594497115998,
                0.008554396636088507,
                -0.02855483575185951,
                0.9995556230912575,
                -2.3495515808571046,
                0.2203113518850817,
                -0.9749761801378085,
                -0.029738130311687917,
                -5.090835563323769,
                0.0,
                0.0,
                0.0,
                1.0
            ],
            "class": 4,
            "size": [
                1.8621000051498413,
                4.981686115264893,
                2.1579938968643546
            ]
        },
        "4": {
            "model_file": "models\\van_001.obj",
            "matrix": [
                -0.9979681095169848,
                -0.004843374943959756,
                0.0635310483641901,
                4.527163985246235,
                0.0633718936616762,
                0.027946734385444254,
                0.997598608224237,
                -2.1205976763622245,
                -0.006607229437065218,
                0.9995976799474565,
                -0.027583015839903014,
                -22.80062817537439,
                0.0,
                0.0,
                0.0,
                1.0
            ],
            "class": 4,
            "size": [
                1.8621000051498413,
                4.981686115264893,
                2.1579938968643546
            ]
        }
    },
    "camera": {
        "matrix": [
            1.0,
            0.0,
            0.0,
            0.0,
            0.0,
            1.0,
            -2.4492935982947064e-16,
            -1.4205902870109295e-16,
            0.0,
            2.4492935982947064e-16,
            1.0,
            0.58,
            0.0,
            0.0,
            0.0,
            1.0
        ],
        "position": [
            0.0,
            -1.4205902870109295e-16,
            0.58
        ],
        "focalPoint": [
            0.0,
            0.0,
            0.0
        ],
        "fov": 82.0,
        "viewup": [
            0.0,
            1.0,
            0.0
        ],
        "distance": 0.58
    }
}
