{
    "image_file": "images\\scene1\\000025.png",
    "model": {
        "num": 6,
        "0": {
            "model_file": "models\\car_001.obj",
            "matrix": [
                1.3012610705622307,
                0.21635040367614136,
                0.06715297281647414,
                -1.6070780566778273,
                -0.09065401872542089,
                0.13850720546373427,
                1.3104178706096887,
                -1.268178134466868,
                0.2076026681376063,
                -1.2956101456662745,
                0.1513039170621595,
                -33.91390574841614,
                0.0,
                0.0,
                0.0,
                1.0
            ],
            "class": 1,
            "size": [
                1.6541399955749512,
                3.9089720249176025,
                1.600256057223305
            ]
        },
        "1": {
            "model_file": "models\\van_001.obj",
            "matrix": [
                0.26148460585373057,
                -0.8472066909654401,
                0.46245715875621785,
                0.0,
                0.44627697875879707,
                0.5309577040083459,
                0.7203615583747297,
                0.0,
                -0.855840323384793,
                0.018020525451307383,
                0.5169261083859326,
                0.0,
                0.0,
                0.0,
                0.0,
                1.0
            ],
            "class": 4,
            "size": [
                1.8621000051498413,
                4.981686115264893,
                2.1579938968643546
            ]
        },
        "2": {
            "model_file": "models\\car_001.obj",
            "matrix": [
                -1.3357196581899888,
                -0.2708238269159033,
                0.14843354535626568,
                -3.2233061847912907,
                0.15635241673518047,
                -0.02476899535793781,
                1.3617876069848591,
                -1.8366938152087091,
                -0.2663305922973864,
                1.3437135184000826,
                0.05501876010000248,
                -13.2,
                0.0,
                0.0,
                0.0,
                1.0
            ],
            "class": 1,
            "size": [
                1.6541399955749512,
                3.9089720249176025,
                1.600256057223305
            ]
        },
        "3": {
            "model_file": "models\\van_001.obj",
            "matrix": [
                -0.9979482970855132,
                0.010910689730308933,
                0.06308845531263307,
                4.527648071373498,
                0.06337189366167617,
                0.02794673438544426,
                0.9975986082242368,
                -2.1205976763622245,
                0.009121372586312506,
                0.9995498671335984,
                -0.028580827058420147,
                -22.79953681940571,
                0.0,
                0.0,
                0.0,
                1.0
            ],
            "class": 4,
            "size": [
                1.8621000051498413,
                4.981686115264893,
                2.1579938968643546
            ]
        },
        "4": {
            "model_file": "models\\SUV_001.obj",
            "matrix": [
                0.8633477249649903,
                0.5027104146883067,
                0.043737223982410076,
                -4.389363480154292,
                -0.07222351104424352,
                0.03732079216529693,
                0.996689983357211,
                -2.034554651667111,
                0.4994141270030508,
                -0.8636488855061792,
                0.06852833219709749,
                -4.021675955369449,
                0.0,
                0.0,
                0.0,
                1.0
            ],
            "class": 2,
            "size": [
                2.041569948196411,
                5.266724109649658,
                1.81628701929003
            ]
        },
        "5": {
            "model_file": "models\\van_001.obj",
            "matrix": [
                -0.9977254276899216,
                0.05489314932533629,
                0.039124328724219004,
                4.066059904648345,
                0.03462004449340533,
                -0.08073472709379323,
                0.996134205998551,
                -2.6941958975280698,
                0.057839635720231715,
                0.995222912717669,
                0.07865068684705698,
                -5.049187308722789,
                0.0,
                0.0,
                0.0,
                1.0
            ],
            "class": 4,
            "size": [
                1.8621000051498413,
                4.981686115264893,
                2.1579938968643546
            ]
        }
    },
    "camera": {
        "matrix": [
            1.0,
            0.0,
            0.0,
            0.0,
            0.0,
            1.0,
            -2.4492935982947064e-16,
            -1.4205902870109295e-16,
            0.0,
            2.4492935982947064e-16,
            1.0,
            0.58,
            0.0,
            0.0,
            0.0,
            1.0
        ],
        "position": [
            0.0,
            -1.4205902870109295e-16,
            0.58
        ],
        "focalPoint": [
            0.0,
            0.0,
            0.0
        ],
        "fov": 82.0,
        "viewup": [
            0.0,
            1.0,
            2.4492935982947064e-16
        ],
        "distance": 0.58
    }
}