{
    "image_file": "images\\scene1\\000025.png",
    "model": {
        "num": 5,
        "0": {
            "model_file": "models\\van_001.obj",
            "matrix": [
                0.9068549405644366,
                0.42142005222732404,
                -0.004388206304657666,
                -4.774592217714374,
                0.010106395514266026,
                -0.011336277126535028,
                0.9998846681445839,
                -2.4038860338382886,
                0.42132170314803696,
                -0.9067947002500665,
                -0.01453939664525808,
                -5.107532268538365,
                0.0,
                0.0,
                0.0,
                1.0
            ],
            "class": 4,
            "size": [
                1.8621000051498413,
                4.981686115264893,
                2.1579938968643546
            ]
        },
        "1": {
            "model_file": "models\\van_001.obj",
            "matrix": [
                -0.9587507498276325,
                0.280964634609473,
                0.043079853803386366,
                4.465529114582536,
                0.04906217311301866,
                0.014289432231550835,
                0.9986935041823075,
                -2.587624009891856,
                0.27998196883796633,
                0.9596117372277547,
                -0.02748473940845651,
                -5.21162930307479,
                0.0,
                0.0,
                0.0,
                1.0
            ],
            "class": 4,
            "size": [
                1.8621000051498413,
                4.981686115264893,
                2.1579938968643546
            ]
        },
        "2": {
            "model_file": "models\\car_001.obj",
            "matrix": [
                -1.3082139202028207,
                -0.40799637092954527,
                0.040501459028907116,
                -3.0309721912527103,
                0.06614298806453711,
                -0.07635936784557869,
                1.3672305657641297,
                -1.9475573368771364,
                -0.40463132850169636,
                1.3066113715019037,
                0.09254879655841984,
                -13.262291936292428,
                0.0,
                0.0,
                0.0,
                1.0
            ],
            "class": 1,
            "size": [
                1.6541399955749512,
                3.9089720249176025,
                1.600256057223305
            ]
        },
        "3": {
            "model_file": "models\\van_001.obj",
            "matrix": [
                -0.9959979208423064,
                -0.08909759765905254,
                0.007054060475719659,
                4.6219437771046765,
                0.015330403066292464,
                -0.09255129743600776,
                0.9955898935228036,
                -1.8368122036635235,
                -0.08805180531729358,
                0.9917136055506643,
                0.09354680190187338,
                -22.83607922069645,
                0.0,
                0.0,
                0.0,
                1.0
            ],
            "class": 4,
            "size": [
                1.8621000051498413,
                4.981686115264893,
                2.1579938968643546
            ]
        },
        "4": {
            "model_file": "models\\car_001.obj",
            "matrix": [
                1.3012610705622247,
                0.21635040367614267,
                0.06715297281647581,
                -1.6070780566778273,
                -0.09065401872542234,
                0.13850720546373452,
                1.3104178706096845,
                -1.268178134466868,
                0.2076026681376055,
                -1.2956101456662807,
                0.15130391706215893,
                -33.91390574841614,
                0.0,
                0.0,
                0.0,
                1.0
            ],
            "class": 1,
            "size": [
                1.6541399955749512,
                3.9089720249176025,
                1.600256057223305
            ]
        }
    },
    "camera": {
        "matrix": [
            1.0,
            0.0,
            0.0,
            0.0,
            0.0,
            1.0,
            0.0,
            0.0,
            0.0,
            0.0,
            1.0,
            0.58,
            0.0,
            0.0,
            0.0,
            1.0
        ],
        "position": [
            0.0,
            0.0,
            0.58
        ],
        "focalPoint": [
            0.0,
            0.0,
            0.0
        ],
        "fov": 82.0,
        "viewup": [
            0.0,
            1.0,
            0.0
        ],
        "distance": 0.58
    }
}