{
    "image_file": "images\\scene1\\000039.png",
    "model": {
        "num": 4,
        "0": {
            "model_file": "models\\car_001.obj",
            "matrix": [
                0.9753260957284784,
                0.2177367073225029,
                0.03646550802339893,
                -3.0338448650308885,
                -0.06788251713747728,
                0.13860310186123742,
                0.9880187974029262,
                -1.5479859693147653,
                0.21007372719626438,
                -0.9661158866506617,
                0.14996373796045478,
                -6.179193410913242,
                0.0,
                0.0,
                0.0,
                1.0
            ],
            "class": 1,
            "size": [
                1.6541399955749512,
                3.9089720249176025,
                1.600256057223305
            ]
        },
        "1": {
            "model_file": "models\\car_001.obj",
            "matrix": [
                -0.9683838212217251,
                0.2437560081150335,
                -0.053063954845486455,
                2.7203600849551077,
                -0.06873361420428661,
                -0.05622922479691639,
                0.9960491777804741,
                -1.3778710810191548,
                0.23980922641641159,
                0.9682051863043034,
                0.07120570299492905,
                -15.439494809680905,
                0.0,
                0.0,
                0.0,
                1.0
            ],
            "class": 1,
            "size": [
                1.6541399955749512,
                3.9089720249176025,
                1.600256057223305
            ]
        },
        "2": {
            "model_file": "models\\car_001.obj",
            "matrix": [
                1.4554762655303213,
                -0.2978566311257978,
                0.11374875356899228,
                3.302876007426181,
                -0.08572909831204689,
                0.14639781224998138,
                1.4802995350391677,
                -1.687870260295012,
                -0.30709586996036975,
                -1.4525555476569287,
                0.12586905414150967,
                -41.05984410427074,
                0.0,
                0.0,
                0.0,
                1.0
            ],
            "class": 1,
            "size": [
                1.6541399955749512,
                3.9089720249176025,
                1.600256057223305
            ]
        },
        "3": {
            "model_file": "models\\car_001.obj",
            "matrix": [
                1.486187469731623,
                0.09723676221506179,
                -0.04313152040928647,
                -4.515498030206212,
                0.04153623701834136,
                0.025713776163995453,
                1.4891883876447198,
                -1.622746937983312,
                0.09792883637234578,
                -1.4865908397926493,
                0.0229375067834145,
                -42.97237132101549,
                0.0,
                0.0,
                0.0,
                1.0
            ],
            "class": 1,
            "size": [
                1.6541399955749512,
                3.9089720249176025,
                1.600256057223305
            ]
        }
    },
    "camera": {
        "matrix": [
            1.0,
            0.0,
            0.0,
            0.0,
            0.0,
            1.0,
            0.0,
            0.0,
            0.0,
            0.0,
            1.0,
            0.58,
            0.0,
            0.0,
            0.0,
            1.0
        ],
        "position": [
            0.0,
            0.0,
            0.58
        ],
        "focalPoint": [
            0.0,
            0.0,
            0.0
        ],
        "fov": 82.0,
        "viewup": [
            0.0,
            1.0,
            0.0
        ],
        "distance": 0.58
    }
}