{
    "image_file": "images\\scene1\\000039.png",
    "model": {
        "num": 4,
        "0": {
            "model_file": "models\\car_001.obj",
            "matrix": [
                0.9777315184163613,
                0.20952803409681478,
                0.01179325327376729,
                -2.7902863428720743,
                -0.04492866495455072,
                0.154097923959169,
                0.9870335581412053,
                -1.5689599208707499,
                0.2049938851786999,
                -0.9655836746543478,
                0.1600802120199286,
                -6.306783731918272,
                0.0,
                0.0,
                0.0,
                1.0
            ],
            "class": 1,
            "size": [
                1.6541399955749512,
                3.9089720249176025,
                1.600256057223305
            ]
        },
        "1": {
            "model_file": "models\\car_001.obj",
            "matrix": [
                1.483502951496528,
                0.13177337131365413,
                -0.04385524689125281,
                -4.697874226111626,
                0.04017838579949057,
                0.043164289985233466,
                1.4888220352180292,
                -1.4349560799537793,
                0.13294059343107684,
                -1.4835232164845924,
                0.039423038131139926,
                -50.63775518024105,
                0.0,
                0.0,
                0.0,
                1.0
            ],
            "class": 1,
            "size": [
                1.6541399955749512,
                3.9089720249176025,
                1.600256057223305
            ]
        },
        "2": {
            "model_file": "models\\car_001.obj",
            "matrix": [
                1.4702703705025568,
                -0.21640415259326157,
                0.10743738422389892,
                3.289708760539341,
                -0.09198215621042183,
                0.1113121357834395,
                1.4829758604010923,
                -1.691059944584601,
                -0.2234117985410911,
                -1.4699820959228858,
                0.09647962015325114,
                -45.64604930786081,
                0.0,
                0.0,
                0.0,
                1.0
            ],
            "class": 1,
            "size": [
                1.6541399955749512,
                3.9089720249176025,
                1.600256057223305
            ]
        },
        "3": {
            "model_file": "models\\car_001.obj",
            "matrix": [
                -0.9945775642062562,
                0.09859087221607257,
                0.03309544822546684,
                2.4212957329826232,
                0.02672433920110029,
                -0.06525587478550778,
                0.9975106417979989,
                -1.3403824263452397,
                0.10050511664505109,
                0.9929861583736427,
                0.06226725308308412,
                -16.034381681267377,
                0.0,
                0.0,
                0.0,
                1.0
            ],
            "class": 1,
            "size": [
                1.6541399955749512,
                3.9089720249176025,
                1.600256057223305
            ]
        }
    },
    "camera": {
        "matrix": [
            1.0,
            0.0,
            0.0,
            0.0,
            0.0,
            1.0,
            0.0,
            0.0,
            0.0,
            0.0,
            1.0,
            0.58,
            0.0,
            0.0,
            0.0,
            1.0
        ],
        "position": [
            0.0,
            0.0,
            0.58
        ],
        "focalPoint": [
            0.0,
            0.0,
            0.0
        ],
        "fov": 82.0,
        "viewup": [
            0.0,
            1.0,
            0.0
        ],
        "distance": 0.58
    }
}