{
    "image_file": "images\\scene1\\000039.png",
    "model": {
        "num": 4,
        "0": {
            "model_file": "models\\car_001.obj",
            "matrix": [
                1.4554762655303235,
                -0.2978566311257982,
                0.11374875356899311,
                3.851671893836582,
                -0.08572909831204778,
                0.14639781224998177,
                1.4802995350391681,
                -1.8632033540156105,
                -0.3070958699603702,
                -1.4525555476569307,
                0.1258690541415097,
                -48.53712352797259,
                0.0,
                0.0,
                0.0,
                1.0
            ],
            "class": 1,
            "size": [
                1.6541399955749512,
                3.9089720249176025,
                1.600256057223305
            ]
        },
        "1": {
            "model_file": "models\\car_001.obj",
            "matrix": [
                1.486187469731623,
                0.09723676221506157,
                -0.04313152040928647,
                -5.393814133189873,
                0.04153623701834136,
                0.025713776163995394,
                1.4891883876447198,
                -1.5108340349472567,
                0.09792883637234578,
                -1.4865908397926457,
                0.0229375067834145,
                -57.69374561634895,
                0.0,
                0.0,
                0.0,
                1.0
            ],
            "class": 1,
            "size": [
                1.6541399955749512,
                3.9089720249176025,
                1.600256057223305
            ]
        },
        "2": {
            "model_file": "models\\car_001.obj",
            "matrix": [
                -0.9736456779626637,
                0.22160488700167896,
                -0.05390146418799807,
                3.092461691736352,
                -0.0739479224843691,
                -0.08317724104885425,
                0.993787327013055,
                -1.308115057977464,
                0.21574475322677936,
                0.9715826370558822,
                0.09737238225823339,
                -20.28338341565768,
                0.0,
                0.0,
                0.0,
                1.0
            ],
            "class": 1,
            "size": [
                1.6541399955749512,
                3.9089720249176025,
                1.600256057223305
            ]
        },
        "3": {
            "model_file": "models\\car_001.obj",
            "matrix": [
                0.9710141932600427,
                0.23882353132990355,
                0.009734339765894273,
                -3.035275092929537,
                -0.060527907109145185,
                0.2062892764900574,
                0.9766171751849368,
                -1.4875678132523373,
                0.231231072627688,
                -0.9488983376992075,
                0.21476530390900528,
                -6.932727821851176,
                0.0,
                0.0,
                0.0,
                1.0
            ],
            "class": 1,
            "size": [
                1.6541399955749512,
                3.9089720249176025,
                1.600256057223305
            ]
        }
    },
    "camera": {
        "matrix": [
            1.0,
            0.0,
            0.0,
            0.0,
            0.0,
            1.0,
            0.0,
            0.0,
            0.0,
            0.0,
            1.0,
            0.58,
            0.0,
            0.0,
            0.0,
            1.0
        ],
        "position": [
            0.0,
            0.0,
            0.58
        ],
        "focalPoint": [
            0.0,
            0.0,
            0.0
        ],
        "fov": 82.0,
        "viewup": [
            0.0,
            1.0,
            0.0
        ],
        "distance": 0.58
    }
}