{
    "image_file": "images\\scene1\\000067.png",
    "model": {
        "num": 5,
        "0": {
            "model_file": "models\\car_001.obj",
            "matrix": [
                -0.9502,
                -0.3112,
                -0.002,
                -1.8837,
                -0.0034,
                0.0039,
                1.0013,
                -1.5241,
                -0.3117,
                0.9489,
                -0.0048,
                -11.8027,
                0.0,
                0.0,
                0.0,
                1.0
            ],
            "actor_id": 0,
            "R_matrix_c2o": [
                -0.9502,
                -0.31119999999999987,
                -0.0020000000000000616,
                0.003400000000000058,
                -0.0038999999999999807,
                -1.0013,
                0.31169999999999987,
                -0.9489,
                0.0048
            ],
            "T_matrix_c2o": [
                -1.8837,
                1.5241,
                12.3127
            ],
            "class": 2,
            "class_name": "Car",
            "size": [
                1.8,
                4.4,
                1.6
            ],
            "2d_bbox": [
                407.38,
                183.76,
                607.56,
                286.08
            ],
            "3d_bbox": [
                [
                    607,
                    257
                ],
                [
                    511,
                    286
                ],
                [
                    529,
                    254
                ],
                [
                    407,
                    280
                ],
                [
                    607,
                    185
                ],
                [
                    511,
                    183
                ],
                [
                    529,
                    186
                ],
                [
                    407,
                    184
                ]
            ],
            "3d_bbox_w": [
                [
                    -0.2943024354527657,
                    -1.53080334482782,
                    -13.623067208837277
                ],
                [
                    -1.6812549732842443,
                    -1.5133639917997417,
                    -9.394616305998365
                ],
                [
                    -2.086140271821868,
                    -1.5372070869879084,
                    -14.210772355359357
                ],
                [
                    -3.4730928096533464,
                    -1.51976773395983,
                    -9.982321452520445
                ],
                [
                    -0.2974524801981304,
                    0.0400002214497337,
                    -13.630578886568387
                ],
                [
                    -1.684405018029609,
                    0.05743957447781223,
                    -9.402127983729475
                ],
                [
                    -2.0892903165672325,
                    0.03359647928964549,
                    -14.218284033090466
                ],
                [
                    -3.4762428543987114,
                    0.051035832317723795,
                    -9.989833130251554
                ]
            ]
        },
        "1": {
            "model_file": "models\\car_001.obj",
            "matrix": [
                -0.9591,
                -0.2826,
                -0.0022,
                6.3065,
                -0.0034,
                0.0039,
                1.0013,
                -0.6854,
                -0.283,
                0.9578,
                -0.0047,
                -37.7727,
                0.0,
                0.0,
                0.0,
                1.0
            ],
            "actor_id": 0,
            "R_matrix_c2o": [
                -0.9591,
                -0.2825999999999999,
                -0.0022000000000000617,
                0.0034000000000000584,
                -0.0038999999999999825,
                -1.0013,
                0.28299999999999986,
                -0.9578,
                0.0047
            ],
            "T_matrix_c2o": [
                6.3065,
                0.6854,
                38.2827
            ],
            "class": 2,
            "class_name": "Car",
            "size": [
                1.8,
                4.4,
                1.6
            ],
            "2d_bbox": [
                705.54,
                171.38,
                747.09,
                199.64
            ],
            "3d_bbox": [
                [
                    747,
                    198
                ],
                [
                    739,
                    199
                ],
                [
                    716,
                    198
                ],
                [
                    705,
                    199
                ],
                [
                    747,
                    173
                ],
                [
                    739,
                    171
                ],
                [
                    716,
                    173
                ],
                [
                    705,
                    171
                ]
            ],
            "3d_bbox_w": [
                [
                    7.840499171933152,
                    -0.6920245849565169,
                    -39.63995627251418
                ],
                [
                    6.5811075781924275,
                    -0.6747015153092358,
                    -35.37180026192562
                ],
                [
                    6.031897582473988,
                    -0.6984695639253667,
                    -40.17358859188607
                ],
                [
                    4.772505988733264,
                    -0.6811464942780856,
                    -35.90543258129751
                ],
                [
                    7.837080309071282,
                    0.8787792774203063,
                    -39.64734045242241
                ],
                [
                    6.577688715330558,
                    0.8961023470675873,
                    -35.37918444183385
                ],
                [
                    6.028478719612118,
                    0.8723342984514566,
                    -40.180972771794295
                ],
                [
                    4.769087125871394,
                    0.8896573680987376,
                    -35.91281676120573
                ]
            ]
        },
        "2": {
            "model_file": "models\\car_001.obj",
            "matrix": [
                -0.9721,
                -0.2344,
                -0.0024,
                5.0338,
                -0.0034,
                0.0039,
                1.0013,
                -0.5372,
                -0.2347,
                0.9707,
                -0.0046,
                -47.1427,
                0.0,
                0.0,
                0.0,
                1.0
            ],
            "actor_id": 0,
            "R_matrix_c2o": [
                -0.9721,
                -0.2343999999999999,
                -0.0024000000000000614,
                0.0034000000000000592,
                -0.0038999999999999855,
                -1.0013,
                0.23469999999999988,
                -0.9707,
                0.0046
            ],
            "T_matrix_c2o": [
                5.0338,
                0.5372,
                47.652699999999996
            ],
            "class": 2,
            "class_name": "Car",
            "size": [
                1.8,
                4.4,
                1.6
            ],
            "2d_bbox": [
                671.72,
                172.61,
                705.27,
                195.03
            ],