{
    "image_file": "images\\scene1\\000063.png",
    "model": {
        "num": 4,
        "0": {
            "model_file": "models\\van_001.obj",
            "matrix": [
                -0.849751451277629,
                -0.229382295269737,
                0.02955610067493697,
                10.937002011722296,
                0.0549371804549183,
                -0.09086963201354298,
                0.874237922764818,
                -1.1475231885679635,
                -0.22465908989841518,
                0.845395648210504,
                0.1019893167518347,
                -28.319438153026866,
                0.0,
                0.0,
                0.0,
                1.0
            ],
            "class": 4,
            "size": [
                1.8621000051498413,
                4.981686115264893,
                2.1579938968643546
            ]
        },
        "1": {
            "model_file": "models\\car_001.obj",
            "matrix": [
                -0.17214362293126287,
                1.359748442603038,
                0.03123801866735767,
                -5.10328233923079,
                -0.19132160043832375,
                -0.05538261245340363,
                1.3564121347625397,
                -1.6402439207514787,
                1.3465837093093818,
                0.1659578469491527,
                0.196711399634545,
                -14.287367194174482,
                0.0,
                0.0,
                0.0,
                1.0
            ],
            "class": 1,
            "size": [
                1.6541399955749512,
                3.9089720249176025,
                1.600256057223305
            ]
        },
        "2": {
            "model_file": "models\\car_001.obj",
            "matrix": [
                -0.9944776182635245,
                -0.09920794289751775,
                -0.03423522804005347,
                8.136281229292845,
                -0.023936847488588542,
                -0.10319661884486435,
                0.9943729105276815,
                -1.4387593615717567,
                -0.10218265070558598,
                0.9897010871596643,
                0.10025200232289502,
                -16.6288534184809,
                0.0,
                0.0,
                0.0,
                1.0
            ],
            "class": 1,
            "size": [
                1.6541399955749512,
                3.9089720249176025,
                1.600256057223305
            ]
        },
        "3": {
            "model_file": "models\\van_001.obj",
            "matrix": [
                -0.8497514512776292,
                -0.22938229526973705,
                0.02955610067493697,
                10.937002011722296,
                0.054937180454918355,
                -0.090869632013543,
                0.874237922764818,
                -1.1475231885679635,
                -0.22465908989841524,
                0.8453956482105042,
                0.1019893167518347,
                -28.319438153026866,
                0.0,
                0.0,
                0.0,
                1.0
            ],
            "class": 4,
            "size": [
                1.8621000051498413,
                4.981686115264893,
                2.1579938968643546
            ]
        }
    },
    "camera": {
        "matrix": [
            1.0,
            0.0,
            0.0,
            0.0,
            0.0,
            1.0,
            0.0,
            0.0,
            0.0,
            0.0,
            1.0,
            0.58,
            0.0,
            0.0,
            0.0,
            1.0
        ],
        "position": [
            0.0,
            0.0,
            0.58
        ],
        "focalPoint": [
            0.0,
            0.0,
            0.0
        ],
        "fov": 82.0,
        "viewup": [
            0.0,
            1.0,
            0.0
        ],
        "distance": 0.58
    }
}