{
    "image_file": "images\\scene1\\000067.png",
    "model": {
        "num": 5,
        "0": {
            "model_file": "models\\car_001.obj",
            "matrix": [
                -0.9480195715832365,
                -0.30785526356062237,
                -0.0805234661025086,
                4.117372693902252,
                -0.0341177552513629,
                -0.15325536896294914,
                0.9875974740047843,
                -0.30325700946970724,
                -0.31637773415926645,
                0.9390090141111771,
                0.13478575869208015,
                -43.36992877067803,
                0.0,
                0.0,
                0.0,
                1.0
            ],
            "class": 1,
            "size": [
                1.6541399955749512,
                3.9089720249176025,
                1.600256057223305
            ]
        },
        "1": {
            "model_file": "models\\car_001.obj",
            "matrix": [
                -0.9706457713825425,
                -0.23159627583068185,
                -0.06488413919098379,
                5.522487990519979,
                -0.023462718944603667,
                -0.1773082705918297,
                0.9838756415317205,
                -0.5129521288446924,
                -0.23936642896806426,
                0.9565170893408497,
                0.16666964475267787,
                -38.378778947952114,
                0.0,
                0.0,
                0.0,
                1.0
            ],
            "class": 1,
            "size": [
                1.6541399955749512,
                3.9089720249176025,
                1.600256057223305
            ]
        },
        "2": {
            "model_file": "models\\car_001.obj",
            "matrix": [
                -0.7868699542596553,
                -0.6162766269704592,
                -0.03223032940143741,
                -1.51,
                0.05139312845131602,
                -0.11748610085500236,
                0.9917437987977987,
                -1.3,
                -0.614975138872626,
                0.778716980138351,
                0.12411866665735824,
                -11.34,
                0.0,
                0.0,
                0.0,
                1.0
            ],
            "class": 1,
            "size": [
                1.6541399955749512,
                3.9089720249176025,
                1.600256057223305
            ]
        },
        "3": {
            "model_file": "models\\truck_001.obj",
            "matrix": [
                0.9167057737562869,
                0.3983157238123139,
                0.03154534079321853,
                -8.930242895474171,
                -0.04352229674759,
                0.02106041328810465,
                0.9988304504158573,
                -1.3149189231794423,
                0.39718551590875356,
                -0.9170065665828172,
                0.0366418175898897,
                -13.970989292537942,
                0.0,
                0.0,
                0.0,
                1.0
            ],
            "class": 3,
            "size": [
                2.5457420349121094,
                5.704974174499512,
                3.190642900764942
            ]
        },
        "4": {
            "model_file": "models\\car_001.obj",
            "matrix": [
                -0.8208166868110188,
                -0.5711811291918422,
                -0.003476249087423597,
                -5.30911890450046,
                0.03999936551648753,
                -0.06355003613151532,
                0.9971767364243689,
                -1.388823170142726,
                -0.5697894500698183,
                0.8183602571990009,
                0.07500981286685507,
                -10.14,
                0.0,
                0.0,
                0.0,
                1.0
            ],
            "class": 1,
            "size": [
                1.6541399955749512,
                3.9089720249176025,
                1.600256057223305
            ]
        }
    },
    "camera": {
        "matrix": [
            1.0,
            0.0,
            0.0,
            0.0,
            0.0,
            1.0,
            0.0,
            0.0,
            0.0,
            0.0,
            1.0,
            0.58,
            0.0,
            0.0,
            0.0,
            1.0
        ],
        "position": [
            0.0,
            0.0,
            0.58
        ],
        "focalPoint": [
            0.0,
            0.0,
            0.0
        ],
        "fov": 82.0,
        "viewup": [
            0.0,
            1.0,
            0.0
        ],
        "distance": 0.58
    }
}