{
    "image_file": "images\\scene1\\000025.png",
    "model": {
        "num": 5,
        "0": {
            "model_file": "models\\car_001.obj",
            "matrix": [
                1.3012610705622307,
                0.21635040367614136,
                0.06715297281647414,
                -1.6070780566778273,
                -0.09065401872542089,
                0.13850720546373427,
                1.3104178706096887,
                -1.268178134466868,
                0.2076026681376063,
                -1.2956101456662745,
                0.1513039170621595,
                -33.91390574841614,
                0.0,
                0.0,
                0.0,
                1.0
            ],
            "class": 1,
            "size": [
                1.6541399955749512,
                3.9089720249176025,
                1.600256057223305
            ]
        },
        "1": {
            "model_file": "models\\van_001.obj",
            "matrix": [
                -0.9979482970855132,
                0.010910689730308933,
                0.06308845531263307,
                4.527648071373498,
                0.06337189366167617,
                0.02794673438544426,
                0.9975986082242368,
                -2.1205976763622245,
                0.009121372586312506,
                0.9995498671335984,
                -0.028580827058420147,
                -22.79953681940571,
                0.0,
                0.0,
                0.0,
                1.0
            ],
            "class": 4,
            "size": [
                1.8621000051498413,
                4.981686115264893,
                2.1579938968643546
            ]
        },
        "2": {
            "model_file": "models\\van_001.obj",
            "matrix": [
                -0.9977254276899216,
                0.05489314932533629,
                0.039124328724219004,
                3.9836266541317578,
                0.03462004449340533,
                -0.08073472709379323,
                0.996134205998551,
                -2.69419589752807,
                0.057839635720231715,
                0.995222912717669,
                0.07865068684705698,
                -5.049187308722789,
                0.0,
                0.0,
                0.0,
                1.0
            ],
            "class": 4,
            "size": [
                1.8621000051498413,
                4.981686115264893,
                2.1579938968643546
            ]
        },
        "3": {
            "model_file": "models\\car_001.obj",
            "matrix": [
                -1.3421212278048535,
                -0.2775573752484882,
                0.03460608629053724,
                -3.14,
                0.03970644133421555,
                -0.021159346787379088,
                1.370219233716863,
                -1.92,
                -0.2768737551299372,
                1.3424005562335881,
                0.02875305603840928,
                -13.2,
                0.0,
                0.0,
                0.0,
                1.0
            ],
            "class": 1,
            "size": [
                1.6541399955749512,
                3.9089720249176025,
                1.600256057223305
            ]
        },
        "4": {
            "model_file": "models\\van_001.obj",
            "matrix": [
                -0.042936905912532825,
                -0.5140153112488118,
                0.856705714882545,
                -3.98,
                -0.10609147192485148,
                -0.8503023699904286,
                -0.5154905228745195,
                1.8,
                0.9934289213101379,
                -0.11302273837778987,
                -0.018023288104814877,
                -5.1,
                0.0,
                0.0,
                0.0,
                1.0
            ],
            "class": 4,
            "size": [
                1.8621000051498413,
                4.981686115264893,
                2.1579938968643546
            ]
        }
    },
    "camera": {
        "matrix": [
            1.0,
            0.0,
            0.0,
            0.0,
            0.0,
            1.0,
            -2.4492935982947064e-16,
            -1.4205902870109295e-16,
            0.0,
            2.4492935982947064e-16,
            1.0,
            0.58,
            0.0,
            0.0,
            0.0,
            1.0
        ],
        "position": [
            0.0,
            -1.4205902870109295e-16,
            0.58
        ],
        "focalPoint": [
            0.0,
            0.0,
            0.0
        ],
        "fov": 82.0,
        "viewup": [
            0.0,
            1.0,
            2.4492935982947064e-16
        ],
        "distance": 0.58
    }
}