{
    "image_file": "images\\scene1\\000025.png",
    "model": {
        "num": 5,
        "0": {
            "model_file": "models\\car_001.obj",
            "matrix": [
                -1.3370727721186444,
                -0.3009383470716143,
                0.034606086290537616,
                -3.1362648086330625,
                0.040069675370959054,
                -0.020463151164032786,
                1.3702192337168622,
                -1.9222113538356473,
                -0.30025970602498664,
                1.337363988820465,
                0.028753056038409257,
                -13.201903214788235,
                0.0,
                0.0,
                0.0,
                1.0
            ],
            "class": 1,
            "size": [
                1.6541399955749512,
                3.9089720249176025,
                1.600256057223305
            ]
        },
        "1": {
            "model_file": "models\\car_001.obj",
            "matrix": [
                1.3012610705622307,
                0.21635040367614136,
                0.06715297281647414,
                -1.6070780566778273,
                -0.09065401872542089,
                0.13850720546373427,
                1.3104178706096887,
                -1.268178134466868,
                0.2076026681376063,
                -1.2956101456662745,
                0.1513039170621595,
                -33.91390574841614,
                0.0,
                0.0,
                0.0,
                1.0
            ],
            "class": 1,
            "size": [
                1.6541399955749512,
                3.9089720249176025,
                1.600256057223305
            ]
        },
        "2": {
            "model_file": "models\\van_001.obj",
            "matrix": [
                -0.9979482970855132,
                0.010910689730308933,
                0.06308845531263307,
                4.527648071373498,
                0.06337189366167617,
                0.02794673438544426,
                0.9975986082242368,
                -2.1205976763622245,
                0.009121372586312506,
                0.9995498671335984,
                -0.028580827058420147,
                -22.79953681940571,
                0.0,
                0.0,
                0.0,
                1.0
            ],
            "class": 4,
            "size": [
                1.8621000051498413,
                4.981686115264893,
                2.1579938968643546
            ]
        },
        "3": {
            "model_file": "models\\van_001.obj",
            "matrix": [
                -0.9977254276899216,
                0.05489314932533629,
                0.039124328724219004,
                3.9836266541317578,
                0.03462004449340533,
                -0.08073472709379323,
                0.996134205998551,
                -2.69419589752807,
                0.057839635720231715,
                0.995222912717669,
                0.07865068684705698,
                -5.049187308722789,
                0.0,
                0.0,
                0.0,
                1.0
            ],
            "class": 4,
            "size": [
                1.8621000051498413,
                4.981686115264893,
                2.1579938968643546
            ]
        },
        "4": {
            "model_file": "models\\van_001.obj",
            "matrix": [
                -0.033959562286891745,
                -0.5146863765603648,
                0.8567057148825451,
                -3.9842921797798434,
                -0.09123549112415355,
                -0.8520244163085092,
                -0.5154905228745198,
                1.803554438448657,
                0.9952501360404665,
                -0.09566779916604007,
                -0.018023288104814957,
                -5.103648671382028,
                0.0,
                0.0,
                0.0,
                1.0
            ],
            "class": 4,
            "size": [
                1.8621000051498413,
                4.981686115264893,
                2.1579938968643546
            ]
        }
    },
    "camera": {
        "matrix": [
            1.0,
            0.0,
            0.0,
            0.0,
            0.0,
            1.0,
            -2.4492935982947064e-16,
            -1.4205902870109295e-16,
            0.0,
            2.4492935982947064e-16,
            1.0,
            0.58,
            0.0,
            0.0,
            0.0,
            1.0
        ],
        "position": [
            0.0,
            -1.4205902870109295e-16,
            0.58
        ],
        "focalPoint": [
            0.0,
            0.0,
            0.0
        ],
        "fov": 82.0,
        "viewup": [
            0.0,
            1.0,
            2.4492935982947064e-16
        ],
        "distance": 0.58
    }
}