{
    "image_file": "images\\scene1\\000039.png",
    "model": {
        "num": 4,
        "0": {
            "model_file": "models\\car_001.obj",
            "matrix": [
                1.4861874697316222,
                0.09723676221506203,
                -0.04313152040928647,
                -4.515498030206212,
                0.041536237018341304,
                0.02571377616399552,
                1.4891883876447198,
                -1.622746937983312,
                0.09792883637234572,
                -1.4865908397926528,
                0.0229375067834145,
                -42.97237132101549,
                0.0,
                0.0,
                0.0,
                1.0
            ],
            "class": 1,
            "size": [
                1.6541399955749512,
                3.9089720249176025,
                1.600256057223305
            ]
        },
        "1": {
            "model_file": "models\\car_001.obj",
            "matrix": [
                1.4554762655303184,
                -0.2978566311257971,
                0.11374875356899133,
                3.302876007426181,
                -0.08572909831204589,
                0.1463978122499811,
                1.4802995350391657,
                -1.687870260295012,
                -0.30709586996036903,
                -1.4525555476569256,
                0.12586905414150973,
                -41.05984410427074,
                0.0,
                0.0,
                0.0,
                1.0
            ],
            "class": 1,
            "size": [
                1.6541399955749512,
                3.9089720249176025,
                1.600256057223305
            ]
        },
        "2": {
            "model_file": "models\\car_001.obj",
            "matrix": [
                0.975560787910394,
                0.21678107176686756,
                0.03587639914021595,
                -2.9603440782201016,
                -0.06839709949609973,
                0.1444324148991611,
                0.987147969813502,
                -1.5034720787228975,
                0.2088132799229521,
                -0.9654766928569538,
                0.15572979701333584,
                -6.183801005440753,
                0.0,
                0.0,
                0.0,
                1.0
            ],
            "class": 1,
            "size": [
                1.6541399955749512,
                3.9089720249176025,
                1.600256057223305
            ]
        },
        "3": {
            "model_file": "models\\car_001.obj",
            "matrix": [
                -0.9683838212217251,
                0.24375600811503367,
                -0.053063954845486455,
                2.7203600849551077,
                -0.06873361420428661,
                -0.05622922479691642,
                0.9960491777804741,
                -1.3778710810191548,
                0.23980922641641159,
                0.9682051863043041,
                0.07120570299492905,
                -15.439494809680905,
                0.0,
                0.0,
                0.0,
                1.0
            ],
            "class": 1,
            "size": [
                1.6541399955749512,
                3.9089720249176025,
                1.600256057223305
            ]
        }
    },
    "camera": {
        "matrix": [
            1.0,
            0.0,
            0.0,
            0.0,
            0.0,
            1.0,
            0.0,
            0.0,
            0.0,
            0.0,
            1.0,
            0.52,
            0.0,
            0.0,
            0.0,
            1.0
        ],
        "position": [
            0.0,
            0.0,
            0.52
        ],
        "focalPoint": [
            0.0,
            0.0,
            0.0
        ],
        "fov": 88.0,
        "viewup": [
            0.0,
            1.0,
            0.0
        ],
        "distance": 0.52
    }
}