{
    "image_file": "images\\scene1\\000063.png",
    "model": {
        "num": 4,
        "0": {
            "model_file": "models\\van_001.obj",
            "matrix": [
                -0.8497514512776286,
                -0.22938229526973694,
                0.02955610067493697,
                10.937002011722296,
                0.054937180454918244,
                -0.09086963201354296,
                0.874237922764818,
                -1.1475231885679635,
                -0.22465908989841507,
                0.8453956482105037,
                0.10198931675183467,
                -28.319438153026866,
                0.0,
                0.0,
                0.0,
                1.0
            ],
            "class": 4,
            "size": [
                1.8621000051498413,
                4.981686115264893,
                2.1579938968643546
            ]
        },
        "1": {
            "model_file": "models\\car_001.obj",
            "matrix": [
                -0.17214362293126287,
                1.3597484426030373,
                0.031238018667357655,
                -5.10328233923079,
                -0.1913216004383237,
                -0.055382612453403604,
                1.3564121347625395,
                -1.6402439207514787,
                1.3465837093093813,
                0.1659578469491527,
                0.19671139963454498,
                -14.287367194174482,
                0.0,
                0.0,
                0.0,
                1.0
            ],
            "class": 1,
            "size": [
                1.6541399955749512,
                3.9089720249176025,
                1.600256057223305
            ]
        },
        "2": {
            "model_file": "models\\car_001.obj",
            "matrix": [
                -0.9944776182635242,
                -0.09920794289751776,
                -0.03423522804005308,
                8.136281229292845,
                -0.023936847488588098,
                -0.10319661884486436,
                0.9943729105276814,
                -1.4387593615717567,
                -0.10218265070558591,
                0.9897010871596645,
                0.10025200232289506,
                -16.6288534184809,
                0.0,
                0.0,
                0.0,
                1.0
            ],
            "class": 1,
            "size": [
                1.6541399955749512,
                3.9089720249176025,
                1.600256057223305
            ]
        },
        "3": {
            "model_file": "models\\van_001.obj",
            "matrix": [
                -0.8497514512776287,
                -0.22938229526973697,
                0.02955610067493697,
                10.937002011722296,
                0.0549371804549183,
                -0.09086963201354296,
                0.874237922764818,
                -1.1475231885679635,
                -0.22465908989841515,
                0.8453956482105038,
                0.1019893167518347,
                -28.319438153026866,
                0.0,
                0.0,
                0.0,
                1.0
            ],
            "class": 4,
            "size": [
                1.8621000051498413,
                4.981686115264893,
                2.1579938968643546
            ]
        }
    },
    "camera": {
        "matrix": [
            1.0,
            0.0,
            0.0,
            0.0,
            0.0,
            1.0,
            0.0,
            0.0,
            0.0,
            0.0,
            1.0,
            0.52,
            0.0,
            0.0,
            0.0,
            1.0
        ],
        "position": [
            0.0,
            0.0,
            0.52
        ],
        "focalPoint": [
            0.0,
            0.0,
            0.0
        ],
        "fov": 88.0,
        "viewup": [
            0.0,
            1.0,
            0.0
        ],
        "distance": 0.52
    }
}