{
    "image_file": "images\\scene1\\000039.png",
    "model": {
        "num": 4,
        "0": {
            "model_file": "models\\car_001.obj",
            "matrix": [
                0.9777315184163604,
                0.20952803409681472,
                0.011793253273767124,
                -2.7902863428720743,
                -0.04492866495455067,
                0.15409792395916902,
                0.9870335581412047,
                -1.5689599208707499,
                0.20499388517869968,
                -0.9655836746543476,
                0.16008021201992853,
                -6.306783731918272,
                0.0,
                0.0,
                0.0,
                1.0
            ],
            "class": 1,
            "size": [
                1.6541399955749512,
                3.9089720249176025,
                1.600256057223305
            ]
        },
        "1": {
            "model_file": "models\\car_001.obj",
            "matrix": [
                1.483502951496528,
                0.13177337131365416,
                -0.04385524689125281,
                -4.697874226111626,
                0.04017838579949057,
                0.04316428998523347,
                1.4888220352180292,
                -1.4349560799537793,
                0.13294059343107684,
                -1.4835232164845928,
                0.039423038131139926,
                -50.63775518024105,
                0.0,
                0.0,
                0.0,
                1.0
            ],
            "class": 1,
            "size": [
                1.6541399955749512,
                3.9089720249176025,
                1.600256057223305
            ]
        },
        "2": {
            "model_file": "models\\car_001.obj",
            "matrix": [
                1.4702703705025568,
                -0.21640415259326157,
                0.10743738422389915,
                3.289708760539341,
                -0.09198215621042205,
                0.1113121357834395,
                1.4829758604010919,
                -1.691059944584601,
                -0.22341179854109114,
                -1.4699820959228858,
                0.09647962015325104,
                -45.64604930786081,
                0.0,
                0.0,
                0.0,
                1.0
            ],
            "class": 1,
            "size": [
                1.6541399955749512,
                3.9089720249176025,
                1.600256057223305
            ]
        },
        "3": {
            "model_file": "models\\car_001.obj",
            "matrix": [
                -0.9945775642062562,
                0.09859087221607261,
                0.03309544822546728,
                2.4212957329826232,
                0.026724339201100622,
                -0.0652558747855078,
                0.9975106417979994,
                -1.3403824263452397,
                0.10050511664505113,
                0.992986158373643,
                0.06226725308308411,
                -16.034381681267377,
                0.0,
                0.0,
                0.0,
                1.0
            ],
            "class": 1,
            "size": [
                1.6541399955749512,
                3.9089720249176025,
                1.600256057223305
            ]
        }
    },
    "camera": {
        "matrix": [
            1.0,
            0.0,
            0.0,
            0.0,
            0.0,
            1.0,
            0.0,
            0.0,
            0.0,
            0.0,
            1.0,
            0.58,
            0.0,
            0.0,
            0.0,
            1.0
        ],
        "position": [
            0.0,
            0.0,
            0.58
        ],
        "focalPoint": [
            0.0,
            0.0,
            0.0
        ],
        "fov": 82.0,
        "viewup": [
            0.0,
            1.0,
            0.0
        ],
        "distance": 0.58
    }
}