{
    "image_file": "images\\scene1\\000067.png",
    "model": {
        "num": 4,
        "0": {
            "model_file": "models\\car_001.obj",
            "matrix": [
                -0.9706457713825423,
                -0.23159627583068165,
                -0.06488413919098324,
                5.039652546965374,
                -0.023462718944603278,
                -0.17730827059182938,
                0.9838756415317205,
                -0.43495040368450777,
                -0.23936642896806426,
                0.9565170893408488,
                0.1666696447526779,
                -31.258040638625516,
                0.0,
                0.0,
                0.0,
                1.0
            ],
            "class": 1,
            "size": [
                1.6541399955749512,
                3.9089720249176025,
                1.600256057223305
            ]
        },
        "1": {
            "model_file": "models\\car_001.obj",
            "matrix": [
                -0.9706457713825423,
                -0.23159627583068165,
                -0.06488413919098335,
                3.9491611045256123,
                -0.023462718944603278,
                -0.17730827059182938,
                0.9838756415317205,
                -0.5204783510730845,
                -0.23936642896806426,
                0.9565170893408489,
                0.16666964475267787,
                -39.51242838942768,
                0.0,
                0.0,
                0.0,
                1.0
            ],
            "class": 1,
            "size": [
                1.6541399955749512,
                3.9089720249176025,
                1.600256057223305
            ]
        },
        "2": {
            "model_file": "models\\car_001.obj",
            "matrix": [
                -0.8748994343557607,
                -0.4764778505469042,
                -0.08671699776959628,
                -5.248710224176805,
                -0.06093238193172433,
                -0.06933601684018062,
                0.9957307676279057,
                -1.3750710537322142,
                -0.4804562671004493,
                0.8764481585963513,
                0.03162911154242445,
                -8.826385427614623,
                0.0,
                0.0,
                0.0,
                1.0
            ],
            "class": 1,
            "size": [
                1.6541399955749512,
                3.9089720249176025,
                1.600256057223305
            ]
        },
        "3": {
            "model_file": "models\\car_001.obj",
            "matrix": [
                -0.8674715574386214,
                -0.4891863287904727,
                -0.09049769477461636,
                -1.5373987935532372,
                -0.07298066141633189,
                -0.05480801427678653,
                0.9958262421880002,
                -1.2808732654774504,
                -0.492104582476386,
                0.8704555228703716,
                0.011843251673846287,
                -9.422409757980773,
                0.0,
                0.0,
                0.0,
                1.0
            ],
            "class": 1,
            "size": [
                1.6541399955749512,
                3.9089720249176025,
                1.600256057223305
            ]
        }
    },
    "camera": {
        "matrix": [
            1.0,
            0.0,
            0.0,
            0.0,
            0.0,
            1.0,
            0.0,
            0.0,
            0.0,
            0.0,
            1.0,
            0.52,
            0.0,
            0.0,
            0.0,
            1.0
        ],
        "position": [
            0.0,
            0.0,
            0.52
        ],
        "focalPoint": [
            0.0,
            0.0,
            0.0
        ],
        "fov": 88.0,
        "viewup": [
            0.0,
            1.0,
            0.0
        ],
        "distance": 0.52
    }
}