{
    "image_file": "images\\scene1\\000067.png",
    "model": {
        "num": 4,
        "0": {
            "model_file": "models\\car_001.obj",
            "matrix": [
                -0.8748994343557601,
                -0.47647785054690384,
                -0.08671699776959627,
                -5.248710224176805,
                -0.060932381931724275,
                -0.06933601684018056,
                0.9957307676279054,
                -1.3750710537322142,
                -0.48045626710044903,
                0.8764481585963506,
                0.03162911154242444,
                -8.826385427614623,
                0.0,
                0.0,
                0.0,
                1.0
            ],
            "class": 1,
            "size": [
                1.6541399955749512,
                3.9089720249176025,
                1.600256057223305
            ]
        },
        "1": {
            "model_file": "models\\car_001.obj",
            "matrix": [
                -0.8674715574386214,
                -0.4891863287904727,
                -0.09049769477461636,
                -1.5373987935532372,
                -0.07298066141633189,
                -0.05480801427678653,
                0.9958262421880002,
                -1.2808732654774504,
                -0.492104582476386,
                0.8704555228703716,
                0.011843251673846287,
                -9.422409757980773,
                0.0,
                0.0,
                0.0,
                1.0
            ],
            "class": 1,
            "size": [
                1.6541399955749512,
                3.9089720249176025,
                1.600256057223305
            ]
        },
        "2": {
            "model_file": "models\\car_001.obj",
            "matrix": [
                -0.9706457713825423,
                -0.23159627583068174,
                -0.06488413919098324,
                5.039652546965374,
                -0.023462718944603278,
                -0.17730827059182944,
                0.9838756415317205,
                -0.43495040368450777,
                -0.23936642896806426,
                0.9565170893408492,
                0.1666696447526779,
                -31.258040638625516,
                0.0,
                0.0,
                0.0,
                1.0
            ],
            "class": 1,
            "size": [
                1.6541399955749512,
                3.9089720249176025,
                1.600256057223305
            ]
        },
        "3": {
            "model_file": "models\\car_001.obj",
            "matrix": [
                -0.977766431329982,
                -0.20106324586015145,
                -0.05955146453630045,
                3.944899822715874,
                -0.0234627189446035,
                -0.17730827059182938,
                0.9838756415317202,
                -0.5204783510730844,
                -0.2083801971972504,
                0.9633978141681201,
                0.16864858455415643,
                -39.514009738511334,
                0.0,
                0.0,
                0.0,
                1.0
            ],
            "class": 1,
            "size": [
                1.6541399955749512,
                3.9089720249176025,
                1.600256057223305
            ]
        }
    },
    "camera": {
        "matrix": [
            1.0,
            0.0,
            0.0,
            0.0,
            0.0,
            1.0,
            0.0,
            0.0,
            0.0,
            0.0,
            1.0,
            0.58,
            0.0,
            0.0,
            0.0,
            1.0
        ],
        "position": [
            0.0,
            0.0,
            0.58
        ],
        "focalPoint": [
            0.0,
            0.0,
            0.0
        ],
        "fov": 82.0,
        "viewup": [
            0.0,
            1.0,
            0.0
        ],
        "distance": 0.58
    }
}