{
    "image_file": "images\\scene1\\000098.png",
    "model": {
        "num": 5,
        "0": {
            "model_file": "models\\bus_001.obj",
            "matrix": [
                -0.9981915626908513,
                -0.04647122773820127,
                -0.03813173436016731,
                -7.1297309711419405,
                -0.03907278145056481,
                0.019512512162815,
                0.9990458345936045,
                -1.9019299727434278,
                -0.04568284056980868,
                0.998729035755744,
                -0.02129298513297879,
                -0.009977309074231874,
                0.0,
                0.0,
                0.0,
                1.0
            ],
            "class": 0,
            "size": [
                2.6161980628967285,
                16.801679611206055,
                3.6186299584805965
            ]
        },
        "1": {
            "model_file": "models\\van_001.obj",
            "matrix": [
                -1.0114430658542712,
                -0.05527915211340099,
                -0.023839031148902512,
                -9.248736003447778,
                -0.02011812823702669,
                -0.06778797696840871,
                1.0107626875898943,
                -2.3225781456031482,
                -0.056739271943985356,
                1.0094504272371696,
                0.06657063541166429,
                -18.457295248095413,
                0.0,
                0.0,
                0.0,
                1.0
            ],
            "class": 4,
            "size": [
                1.8621000051498413,
                4.981686115264893,
                2.1579938968643546
            ]
        },
        "2": {
            "model_file": "models\\van_001.obj",
            "matrix": [
                -0.9970655107616884,
                -0.07353066170497775,
                0.021298099416677763,
                -11.577302122699466,
                0.03195412690236543,
                -0.14693773734092141,
                0.9886294731187466,
                -2.444829827816699,
                -0.06956508480151603,
                0.9864089127407328,
                0.14885615822732956,
                -31.969322611333364,
                0.0,
                0.0,
                0.0,
                1.0
            ],
            "class": 4,
            "size": [
                1.8621000051498413,
                4.981686115264893,
                2.1579938968643546
            ]
        },
        "3": {
            "model_file": "models\\bus_001.obj",
            "matrix": [
                -0.9365051754798646,
                0.11577625454969294,
                0.04325222372068832,
                -8.826048783211434,
                0.037782139971779594,
                -0.04656878771831678,
                0.942719840453409,
                -0.7841944108719228,
                0.11767500105584439,
                0.9363461147288331,
                0.0415377807979235,
                -35.38450116897276,
                0.0,
                0.0,
                0.0,
                1.0
            ],
            "class": 0,
            "size": [
                2.6161980628967285,
                16.801679611206055,
                3.6186299584805965
            ]
        },
        "4": {
            "model_file": "models\\car_001.obj",
            "matrix": [
                -0.8843374631157208,
                -0.23440305102200507,
                0.04713675962615832,
                2.0750577318823455,
                0.08988991428731935,
                -0.15859502932176636,
                0.897767694389971,
                -1.1689702548081702,
                -0.22155466085347683,
                0.871276213064723,
                0.17609856872814308,
                -18.631854528062593,
                0.0,
                0.0,
                0.0,
                1.0
            ],
            "class": 1,
            "size": [
                1.6541399955749512,
                3.9089720249176025,
                1.600256057223305
            ]
        }
    },
    "camera": {
        "matrix": [
            1.0,
            0.0,
            0.0,
            0.0,
            0.0,
            1.0,
            0.0,
            0.0,
            0.0,
            0.0,
            1.0,
            0.52,
            0.0,
            0.0,
            0.0,
            1.0
        ],
        "position": [
            0.0,
            0.0,
            0.52
        ],
        "focalPoint": [
            0.0,
            0.0,
            0.0
        ],
        "fov": 88.0,
        "viewup": [
            0.0,
            1.0,
            0.0
        ],
        "distance": 0.52
    }
}