{
    "image_file": "images\\scene1\\000067.png",
    "model": {
        "num": 4,
        "0": {
            "model_file": "models\\car_001.obj",
            "matrix": [
                -0.8548323385357847,
                -0.5108542780667883,
                -0.09104712831446449,
                -1.614889356186876,
                -0.06455663145875158,
                -0.06939776193731649,
                0.9954980622647116,
                -1.2846637875385363,
                -0.5148729108509719,
                0.8568616324815514,
                0.026344419767741593,
                -10.518571674755473,
                0.0,
                0.0,
                0.0,
                1.0
            ],
            "class": 1,
            "size": [
                1.6541399955749512,
                3.9089720249176025,
                1.600256057223305
            ]
        },
        "1": {
            "model_file": "models\\car_001.obj",
            "matrix": [
                -0.8748994343557601,
                -0.47647785054690384,
                -0.08671699776959627,
                -5.397159821666522,
                -0.060932381931724275,
                -0.06933601684018056,
                0.9957307676279054,
                -1.3912445507349842,
                -0.48045626710044903,
                0.8764481585963506,
                0.03162911154242444,
                -9.086579845310013,
                0.0,
                0.0,
                0.0,
                1.0
            ],
            "class": 1,
            "size": [
                1.6541399955749512,
                3.9089720249176025,
                1.600256057223305
            ]
        },
        "2": {
            "model_file": "models\\car_001.obj",
            "matrix": [
                -0.9706457713825423,
                -0.23159627583068174,
                -0.06488413919098324,
                5.382163196291804,
                -0.023462718944603278,
                -0.17730827059182944,
                0.9838756415317205,
                -0.4859047944718323,
                -0.23936642896806426,
                0.9565170893408492,
                0.1666696447526779,
                -33.431081056590315,
                0.0,
                0.0,
                0.0,
                1.0
            ],
            "class": 1,
            "size": [
                1.6541399955749512,
                3.9089720249176025,
                1.600256057223305
            ]
        },
        "3": {
            "model_file": "models\\car_001.obj",
            "matrix": [
                -0.977766431329982,
                -0.20106324586015145,
                -0.05955146453630045,
                4.083186847256762,
                -0.0234627189446035,
                -0.17730827059182938,
                0.9838756415317202,
                -0.3378042389699972,
                -0.2083801971972504,
                0.9633978141681201,
                0.16864858455415643,
                -40.01163045114585,
                0.0,
                0.0,
                0.0,
                1.0
            ],
            "class": 1,
            "size": [
                1.6541399955749512,
                3.9089720249176025,
                1.600256057223305
            ]
        }
    },
    "camera": {
        "matrix": [
            1.0,
            0.0,
            0.0,
            0.0,
            0.0,
            1.0,
            0.0,
            0.0,
            0.0,
            0.0,
            1.0,
            0.52,
            0.0,
            0.0,
            0.0,
            1.0
        ],
        "position": [
            0.0,
            0.0,
            0.52
        ],
        "focalPoint": [
            0.0,
            0.0,
            0.0
        ],
        "fov": 88.0,
        "viewup": [
            0.0,
            1.0,
            0.0
        ],
        "distance": 0.52
    }
}