{
    "image_file": "images\\scene1\\000063.png",
    "model": {
        "num": 3,
        "0": {
            "model_file": "models\\car_001.obj",
            "matrix": [
                -0.24363491446431307,
                1.339419075577095,
                0.16162808023887343,
                -5.187876260543891,
                -0.13528736971659464,
                -0.18766957123372463,
                1.351296609747699,
                -1.5352666969332571,
                1.3423354364452742,
                0.22419130201835524,
                0.1655261431018666,
                -16.266976600766323,
                0.0,
                0.0,
                0.0,
                1.0
            ],
            "class": 1,
            "size": [
                1.6541399955749512,
                3.9089720249176025,
                1.600256057223305
            ]
        },
        "1": {
            "model_file": "models\\van_001.obj",
            "matrix": [
                -0.8604272792934851,
                -0.18068184430921944,
                0.050855654586144994,
                10.243312093895014,
                0.06563111976968578,
                -0.0660563024748151,
                0.8757262417216278,
                -1.0482744421931134,
                -0.17585443578182494,
                0.8593939524217739,
                0.07800372667688292,
                -29.719646103841082,
                0.0,
                0.0,
                0.0,
                1.0
            ],
            "class": 4,
            "size": [
                1.8621000051498413,
                4.981686115264893,
                2.1579938968643546
            ]
        },
        "2": {
            "model_file": "models\\car_001.obj",
            "matrix": [
                -0.9980715089394439,
                -0.05609361407430278,
                -0.02658513688931613,
                7.385589394391225,
                -0.02113174247881855,
                -0.09566597077507795,
                0.9951891636746588,
                -1.4239645967205068,
                -0.05836704980679953,
                0.9938317405354576,
                0.09429612399831462,
                -17.256003106432978,
                0.0,
                0.0,
                0.0,
                1.0
            ],
            "class": 1,
            "size": [
                1.6541399955749512,
                3.9089720249176025,
                1.600256057223305
            ]
        }
    },
    "camera": {
        "matrix": [
            1.0,
            0.0,
            0.0,
            0.0,
            0.0,
            1.0,
            0.0,
            0.0,
            0.0,
            0.0,
            1.0,
            0.58,
            0.0,
            0.0,
            0.0,
            1.0
        ],
        "position": [
            0.0,
            0.0,
            0.58
        ],
        "focalPoint": [
            0.0,
            0.0,
            0.0
        ],
        "fov": 82.0,
        "viewup": [
            0.0,
            1.0,
            0.0
        ],
        "distance": 0.58
    }
}