{
    "image_file": "images\\scene1\\000098.png",
    "model": {
        "num": 5,
        "0": {
            "model_file": "models\\car_001.obj",
            "matrix": [
                -0.8381,
                -0.5447,
                -0.0007,
                24.0156,
                -0.0034,
                0.0039,
                1.0013,
                -1.1522,
                -0.5455,
                0.837,
                -0.0051,
                -69.4738,
                0.0,
                0.0,
                0.0,
                1.0
            ],
            "actor_id": 0,
            "R_matrix_c2o": [
                -0.8381000000000001,
                -0.5446999999999999,
                -0.000700000000000062,
                0.003400000000000051,
                -0.0038999999999999664,
                -1.0013,
                0.5454999999999999,
                -0.8370000000000001,
                0.0051
            ],
            "T_matrix_c2o": [
                24.0156,
                1.1522,
                69.9838
            ],
            "class": 2,
            "class_name": "Car",
            "size": [
                1.8,
                4.4,
                1.6
            ],
            "2d_bbox": [
                827.4,
                183.9,
                855.85,
                198.89
            ],
            "3d_bbox": [
                [
                    856,
                    197
                ],
                [
                    846,
                    198
                ],
                [
                    839,
                    197
                ],
                [
                    828,
                    198
                ],
                [
                    856,
                    183
                ],
                [
                    846,
                    183
                ],
                [
                    839,
                    183
                ],
                [
                    828,
                    183
                ]
            ]
        },
        "1": {
            "model_file": "models\\car_001.obj",
            "matrix": [
                -0.879,
                -0.4761,
                -0.0011,
                11.0761,
                -0.0034,
                0.0039,
                1.0013,
                -1.5098,
                -0.4767,
                0.8778,
                -0.0051,
                -48.8938,
                0.0,
                0.0,
                0.0,
                1.0
            ],
            "actor_id": 0,
            "R_matrix_c2o": [
                -0.8790000000000001,
                -0.4760999999999999,
                -0.001100000000000062,
                0.0034000000000000536,
                -0.0038999999999999708,
                -1.0013,
                0.4766999999999999,
                -0.8778000000000001,
                0.0051
            ],
            "T_matrix_c2o": [
                11.0761,
                1.5098,
                49.4038
            ],
            "class": 2,
            "class_name": "Car",
            "size": [
                1.8,
                4.4,
                1.6
            ],
            "2d_bbox": [
                744.2,
                187.02,
                784.82,
                208.58
            ],
            "3d_bbox": [
                [
                    785,
                    206
                ],
                [
                    769,
                    208
                ],
                [
                    761,
                    206
                ],
                [
                    744,
                    207
                ],
                [
                    785,
                    186
                ],
                [
                    769,
                    186
                ],
                [
                    761,
                    186
                ],
                [
                    744,
                    186
                ]
            ]
        },
        "2": {
            "model_file": "models\\car_001.obj",
            "matrix": [
                -0.998,
                0.0629,
                -0.0037,
                -8.2922,
                -0.0034,
                0.0039,
                1.0013,
                -1.6969,
                0.063,
                0.9966,
                -0.0037,
                -22.1238,
                0.0,
                0.0,
                0.0,
                1.0
            ],
            "actor_id": 0,
            "R_matrix_c2o": [
                -0.998,
                0.06290000000000012,
                -0.0037000000000000617,
                0.003400000000000061,
                -0.0039000000000000037,
                -1.0013,
                -0.06300000000000013,
                -0.9966,
                0.0036999999999999997
            ],
            "T_matrix_c2o": [
                -8.2922,
                1.6969,
                22.6338
            ],
            "class": 2,
            "class_name": "Car",
            "size": [
                1.8,
                4.4,
                1.6
            ],
            "2d_bbox": [
                332.25,
                191.44,
                426.54,
                241.64
            ],
            "3d_bbox": [
                [
                    426,
                    231
                ],
                [
                    393,
                    240
                ],
                [
                    376,
                    232
                ],
                [
                    332,
                    241
                ],
                [
                    426,
                    190
                ],
                [
                    393,
                    191
                ],
                [
                    376,
                    191
                ],
                [
                    332,
                    191
                ]
            ]
        },
        "3": {
            "model_file": "models\\car_001.obj",
            "matrix": [
                -0.9973,
                0.0729,
                -0.0037,
                -7.5525,
                -0.0034,
                0.0039,
                1.0013,
                -1.8388,
                0.073,
                0.996,
                -0.0036,
                -14.1838,
                0.0,
                0.0,
                0.0,
                1.0
            ],
            "actor_id": 0,
            "R_matrix_c2o": [
                -0.9973,
                0.07290000000000013,
                -0.0037000000000000617,
                0.003400000000000061,
                -0.003900000000000004,
                -1.0013,
                -0.07300000000000012,
                -0.996,
                0.0035999999999999995
            ],
            "T_matrix_c2o": [
                -7.5525,
                1.8388,
                14.6938
            ],
            "class": 2,
            "class_name": "Car",
            "size": [
                1.8,
                4.4,
                1.6
            ],
            "2d_bbox": [
                187.42,
                198.43,
                363.21,
                283.35
            ],