{
    "image_file": "images\\scene1\\000098.png",
    "model": {
        "num": 5,
        "0": {
            "model_file": "models\\bus_001.obj",
            "matrix": [
                -0.99614690481584,
                -0.06795275380294356,
                -0.0554415663237689,
                -6.479389353178481,
                -0.05659605472226606,
                0.015182354818863037,
                0.9982817150945157,
                -1.7888085463298544,
                -0.06699425808015685,
                0.9975730145471793,
                -0.018969713533386418,
                -0.02,
                0.0,
                0.0,
                0.0,
                1.0
            ],
            "class": 0,
            "size": [
                2.6161980628967285,
                16.801679611206055,
                3.6186299584805965
            ]
        },
        "1": {
            "model_file": "models\\bus_001.obj",
            "matrix": [
                -0.937330190318314,
                0.11656374102868615,
                0.011910007142743734,
                -10.2,
                0.007692157713650782,
                -0.03459464471919662,
                0.9439602115244915,
                -1.17,
                0.11691785450670654,
                0.9367672840727536,
                0.033378293296675916,
                -44.15,
                0.0,
                0.0,
                0.0,
                1.0
            ],
            "class": 0,
            "size": [
                2.6161980628967285,
                16.801679611206055,
                3.6186299584805965
            ]
        },
        "2": {
            "model_file": "models\\car_001.obj",
            "matrix": [
                -0.884420103010155,
                -0.2364662305370537,
                -0.033229750428330984,
                2.2,
                -0.004444789534410909,
                -0.11115778972720086,
                0.9093094097915156,
                -0.99,
                -0.23874827401246046,
                0.8780359222178546,
                0.10616776373981517,
                -20.82,
                0.0,
                0.0,
                0.0,
                1.0
            ],
            "class": 1,
            "size": [
                1.6541399955749512,
                3.9089720249176025,
                1.600256057223305
            ]
        },
        "3": {
            "model_file": "models\\van_001.obj",
            "matrix": [
                -0.9976290909283037,
                -0.0629625309893707,
                -0.027783387572070217,
                -10.064917643351496,
                -0.024982254286816497,
                -0.04484777021870344,
                0.9986814129026182,
                -2.3225082356648494,
                -0.06412553239011887,
                0.9970077217342989,
                0.043168494273728875,
                -30.91,
                0.0,
                0.0,
                0.0,
                1.0
            ],
            "class": 4,
            "size": [
                1.8621000051498413,
                4.981686115264893,
                2.1579938968643546
            ]
        },
        "4": {
            "model_file": "models\\van_001.obj",
            "matrix": [
                -1.012040327157796,
                -0.041949540016968025,
                -0.025608042250293228,
                -9.29,
                -0.02314616358348459,
                -0.05891325785415184,
                1.0112539951414534,
                -2.38,
                -0.04335655483193564,
                1.010648615331029,
                0.057885620077273804,
                -20.46,
                0.0,
                0.0,
                0.0,
                1.0
            ],
            "class": 4,
            "size": [
                1.8621000051498413,
                4.981686115264893,
                2.1579938968643546
            ]
        }
    },
    "camera": {
        "matrix": [
            1.0,
            0.0,
            0.0,
            0.0,
            0.0,
            1.0,
            0.0,
            0.0,
            0.0,
            0.0,
            1.0,
            0.58,
            0.0,
            0.0,
            0.0,
            1.0
        ],
        "position": [
            0.0,
            0.0,
            0.58
        ],
        "focalPoint": [
            0.0,
            0.0,
            0.0
        ],
        "fov": 82.0,
        "viewup": [
            0.0,
            1.0,
            0.0
        ],
        "distance": 0.58
    }
}