{
    "image_file": "images\\scene1\\000063.png",
    "model": {
        "num": 3,
        "0": {
            "model_file": "models\\van_001.obj",
            "matrix": [
                -0.8497514512776276,
                -0.22938229526973683,
                0.02955610067493697,
                10.937002011722296,
                0.05493718045491819,
                -0.09086963201354292,
                0.8742379227648174,
                -1.1475231885679635,
                -0.2246590898984148,
                0.8453956482105033,
                0.1019893167518346,
                -28.319438153026866,
                0.0,
                0.0,
                0.0,
                1.0
            ],
            "class": 4,
            "size": [
                1.8621000051498413,
                4.981686115264893,
                2.1579938968643546
            ]
        },
        "1": {
            "model_file": "models\\car_001.obj",
            "matrix": [
                -0.9944776182635242,
                -0.09920794289751782,
                -0.03423522804005197,
                8.136281229292845,
                -0.02393684748858721,
                -0.10319661884486442,
                0.9943729105276815,
                -1.4387593615717567,
                -0.1021826507055858,
                0.9897010871596651,
                0.10025200232289518,
                -16.6288534184809,
                0.0,
                0.0,
                0.0,
                1.0
            ],
            "class": 1,
            "size": [
                1.6541399955749512,
                3.9089720249176025,
                1.600256057223305
            ]
        },
        "2": {
            "model_file": "models\\car_001.obj",
            "matrix": [
                -0.42352515369321087,
                1.3030733102537686,
                -0.046383835341411175,
                -4.381312214568122,
                -0.20941257482804188,
                -0.01984093023917546,
                1.3547242445895231,
                -1.6225595665783803,
                1.2869723717238923,
                0.42559529306499305,
                0.2051726805105526,
                -13.07860797448958,
                0.0,
                0.0,
                0.0,
                1.0
            ],
            "class": 1,
            "size": [
                1.6541399955749512,
                3.9089720249176025,
                1.600256057223305
            ]
        }
    },
    "camera": {
        "matrix": [
            1.0,
            0.0,
            0.0,
            0.0,
            0.0,
            1.0,
            0.0,
            0.0,
            0.0,
            0.0,
            1.0,
            0.52,
            0.0,
            0.0,
            0.0,
            1.0
        ],
        "position": [
            0.0,
            0.0,
            0.52
        ],
        "focalPoint": [
            0.0,
            0.0,
            0.0
        ],
        "fov": 88.0,
        "viewup": [
            0.0,
            1.0,
            0.0
        ],
        "distance": 0.52
    }
}