{
    "image_file": "images\\scene1\\000025.png",
    "model": {
        "num": 5,
        "0": {
            "model_file": "models\\van_001.obj",
            "matrix": [
                0.7895930668103375,
                0.6135417664104346,
                0.010454172133194141,
                -5.269521809232233,
                -0.026006682135213118,
                0.01643811919882861,
                0.9995266083109089,
                -2.471879511752094,
                0.6130794739096609,
                -0.7894911583464042,
                0.028935610646510703,
                -5.155083055516586,
                0.0,
                0.0,
                0.0,
                1.0
            ],
            "class": 4,
            "size": [
                1.8621000051498413,
                4.981686115264893,
                2.1579938968643546
            ]
        },
        "1": {
            "model_file": "models\\van_001.obj",
            "matrix": [
                -0.9672282428104527,
                0.2501142182937614,
                0.04373104294559088,
                4.825465784505688,
                0.04705396954130761,
                0.007318642597324185,
                0.998865537207559,
                -2.7041505284281344,
                0.24951042114551883,
                0.9681886775199536,
                -0.018847664628610195,
                -5.2210761031688095,
                0.0,
                0.0,
                0.0,
                1.0
            ],
            "class": 4,
            "size": [
                1.8621000051498413,
                4.981686115264893,
                2.1579938968643546
            ]
        },
        "2": {
            "model_file": "models\\van_001.obj",
            "matrix": [
                -0.9995258543238343,
                -0.028644895385720823,
                0.011293206212347418,
                4.943432295138908,
                0.014306479749377432,
                -0.10727282099294257,
                0.9941266853441806,
                -2.0681583079827544,
                -0.027265200813383805,
                0.9938168905007402,
                0.10763176566445772,
                -22.851484649083748,
                0.0,
                0.0,
                0.0,
                1.0
            ],
            "class": 4,
            "size": [
                1.8621000051498413,
                4.981686115264893,
                2.1579938968643546
            ]
        },
        "3": {
            "model_file": "models\\car_001.obj",
            "matrix": [
                1.3012610705622223,
                0.21635040367614303,
                0.06715297281647503,
                -1.8818366169414198,
                -0.08607744489153002,
                0.11004848913870864,
                1.3134220175590525,
                -1.2018890752685647,
                0.20954162452808142,
                -1.2983371001234856,
                0.12251724255253622,
                -33.89090263264515,
                0.0,
                0.0,
                0.0,
                1.0
            ],
            "class": 1,
            "size": [
                1.6541399955749512,
                3.9089720249176025,
                1.600256057223305
            ]
        },
        "4": {
            "model_file": "models\\car_001.obj",
            "matrix": [
                -1.3140405337636336,
                -0.3886773620193779,
                0.04186229529572594,
                -3.5027173547336004,
                0.07213568503115725,
                -0.09679156758189394,
                1.3656327849307484,
                -2.0955232858821313,
                -0.3842121633405925,
                1.3111393398820137,
                0.11322417075186869,
                -13.278813400972952,
                0.0,
                0.0,
                0.0,
                1.0
            ],
            "class": 1,
            "size": [
                1.6541399955749512,
                3.9089720249176025,
                1.600256057223305
            ]
        }
    },
    "camera": {
        "matrix": [
            1.0,
            0.0,
            0.0,
            0.0,
            0.0,
            1.0,
            0.0,
            0.0,
            0.0,
            0.0,
            1.0,
            0.52,
            0.0,
            0.0,
            0.0,
            1.0
        ],
        "position": [
            0.0,
            0.0,
            0.52
        ],
        "focalPoint": [
            0.0,
            0.0,
            0.0
        ],
        "fov": 88.0,
        "viewup": [
            0.0,
            1.0,
            0.0
        ],
        "distance": 0.52
    }
}