{
    "image_file": "images\\scene1\\000039.png",
    "model": {
        "num": 4,
        "0": {
            "model_file": "models\\car_001.obj",
            "matrix": [
                1.4554762655303213,
                -0.2978566311257978,
                0.11374875356899228,
                3.851671893836582,
                -0.08572909831204689,
                0.14639781224998138,
                1.4802995350391677,
                -1.8632033540156105,
                -0.30709586996036975,
                -1.4525555476569287,
                0.12586905414150967,
                -48.53712352797259,
                0.0,
                0.0,
                0.0,
                1.0
            ],
            "class": 1,
            "size": [
                1.6541399955749512,
                3.9089720249176025,
                1.600256057223305
            ]
        },
        "1": {
            "model_file": "models\\car_001.obj",
            "matrix": [
                1.486187469731623,
                0.09723676221506179,
                -0.04313152040928647,
                -5.393814133189873,
                0.04153623701834136,
                0.025713776163995453,
                1.4891883876447198,
                -1.5108340349472567,
                0.09792883637234578,
                -1.4865908397926493,
                0.0229375067834145,
                -57.69374561634895,
                0.0,
                0.0,
                0.0,
                1.0
            ],
            "class": 1,
            "size": [
                1.6541399955749512,
                3.9089720249176025,
                1.600256057223305
            ]
        },
        "2": {
            "model_file": "models\\car_001.obj",
            "matrix": [
                -0.9736456779626635,
                0.22160488700167913,
                -0.05390146418799868,
                3.092461691736352,
                -0.07394792248436982,
                -0.08317724104885411,
                0.9937873270130548,
                -1.308115057977464,
                0.21574475322677936,
                0.9715826370558825,
                0.09737238225823336,
                -20.28338341565768,
                0.0,
                0.0,
                0.0,
                1.0
            ],
            "class": 1,
            "size": [
                1.6541399955749512,
                3.9089720249176025,
                1.600256057223305
            ]
        },
        "3": {
            "model_file": "models\\car_001.obj",
            "matrix": [
                0.9768354653994156,
                0.21155524090160985,
                0.03220021094619807,
                -2.754132498137403,
                -0.07555821977214627,
                0.20020110094564683,
                0.9768369744256312,
                -1.4190544417468005,
                0.20020846376410406,
                -0.9566419911477899,
                0.21154827300170945,
                -6.31915153268438,
                0.0,
                0.0,
                0.0,
                1.0
            ],
            "class": 1,
            "size": [
                1.6541399955749512,
                3.9089720249176025,
                1.600256057223305
            ]
        }
    },
    "camera": {
        "matrix": [
            1.0,
            0.0,
            0.0,
            0.0,
            0.0,
            1.0,
            0.0,
            0.0,
            0.0,
            0.0,
            1.0,
            0.58,
            0.0,
            0.0,
            0.0,
            1.0
        ],
        "position": [
            0.0,
            0.0,
            0.58
        ],
        "focalPoint": [
            0.0,
            0.0,
            0.0
        ],
        "fov": 82.0,
        "viewup": [
            0.0,
            1.0,
            0.0
        ],
        "distance": 0.58
    }
}