{
    "image_file": "images\\scene1\\000063.png",
    "model": {
        "num": 4,
        "0": {
            "model_file": "models\\van_001.obj",
            "matrix": [
                -0.8497514512776287,
                -0.22938229526973697,
                0.02955610067493697,
                10.937002011722296,
                0.0549371804549183,
                -0.09086963201354296,
                0.874237922764818,
                -1.1475231885679635,
                -0.22465908989841515,
                0.8453956482105038,
                0.1019893167518347,
                -28.319438153026866,
                0.0,
                0.0,
                0.0,
                1.0
            ],
            "class": 4,
            "size": [
                1.8621000051498413,
                4.981686115264893,
                2.1579938968643546
            ]
        },
        "1": {
            "model_file": "models\\car_001.obj",
            "matrix": [
                -0.24363491446431246,
                1.3394190755770976,
                0.16162808023887384,
                -4.880147548223115,
                -0.13528736971659464,
                -0.187669571233725,
                1.351296609747702,
                -1.6724745938030452,
                1.3423354364452738,
                0.2241913020183552,
                0.16552614310186695,
                -14.356871068082677,
                0.0,
                0.0,
                0.0,
                1.0
            ],
            "class": 1,
            "size": [
                1.6541399955749512,
                3.9089720249176025,
                1.600256057223305
            ]
        },
        "2": {
            "model_file": "models\\car_001.obj",
            "matrix": [
                -0.9908236824269687,
                -0.12976796625177422,
                -0.03779821790432969,
                8.400037205991888,
                -0.022361625562552112,
                -0.11841393124689806,
                0.9927124954330191,
                -1.4219855183010912,
                -0.1332981171812462,
                0.9844482799119132,
                0.11442550473736947,
                -17.2720882737344,
                0.0,
                0.0,
                0.0,
                1.0
            ],
            "class": 1,
            "size": [
                1.6541399955749512,
                3.9089720249176025,
                1.600256057223305
            ]
        },
        "3": {
            "model_file": "models\\van_001.obj",
            "matrix": [
                -0.849751451277629,
                -0.229382295269737,
                0.02955610067493697,
                11.635658360208788,
                0.0549371804549183,
                -0.09086963201354298,
                0.874237922764818,
                -1.156220288729455,
                -0.22465908989841518,
                0.845395648210504,
                0.1019893167518347,
                -29.625324227626795,
                0.0,
                0.0,
                0.0,
                1.0
            ],
            "class": 4,
            "size": [
                1.8621000051498413,
                4.981686115264893,
                2.1579938968643546
            ]
        }
    },
    "camera": {
        "matrix": [
            1.0,
            0.0,
            0.0,
            0.0,
            0.0,
            1.0,
            0.0,
            0.0,
            0.0,
            0.0,
            1.0,
            0.52,
            0.0,
            0.0,
            0.0,
            1.0
        ],
        "position": [
            0.0,
            0.0,
            0.52
        ],
        "focalPoint": [
            0.0,
            0.0,
            0.0
        ],
        "fov": 88.0,
        "viewup": [
            0.0,
            1.0,
            0.0
        ],
        "distance": 0.52
    }
}