{
    "image_file": "images\\scene1\\000098.png",
    "model": {
        "num": 3,
        "0": {
            "model_file": "models\\van_001.obj",
            "matrix": [
                -0.9611766279322765,
                -0.2729766609426783,
                0.040289359604312125,
                -11.911365098677823,
                0.08903576092747573,
                -0.1686186928740797,
                0.9816518576814841,
                -2.6509808514316786,
                -0.26117450716485563,
                0.9471280161593889,
                0.18637703134552983,
                -33.517344450161936,
                0.0,
                0.0,
                0.0,
                1.0
            ],
            "class": 4,
            "size": [
                1.8621000051498413,
                4.981686115264893,
                2.1579938968643546
            ]
        },
        "1": {
            "model_file": "models\\van_001.obj",
            "matrix": [
                -0.985651411072569,
                -0.22684016609081836,
                0.06062997961168634,
                -9.907458400124511,
                0.06643344281966992,
                -0.018472648431063454,
                1.010884028197222,
                -2.3468797687502025,
                -0.2252089098036528,
                0.987341612531848,
                0.03284275623662766,
                -19.484387708863785,
                0.0,
                0.0,
                0.0,
                1.0
            ],
            "class": 4,
            "size": [
                1.8621000051498413,
                4.981686115264893,
                2.1579938968643546
            ]
        },
        "2": {
            "model_file": "models\\car_001.obj",
            "matrix": [
                -0.9027492028587734,
                -0.11576593533207347,
                0.10421870302861508,
                1.990614282634622,
                0.11293907653722002,
                -0.06433594081242758,
                0.9068214073438812,
                -1.1312769796409394,
                -0.10727560223646646,
                0.9064648631044016,
                0.07767116729091844,
                -17.859663879493237,
                0.0,
                0.0,
                0.0,
                1.0
            ],
            "class": 1,
            "size": [
                1.6541399955749512,
                3.9089720249176025,
                1.600256057223305
            ]
        }
    },
    "camera": {
        "matrix": [
            1.0,
            0.0,
            0.0,
            0.0,
            0.0,
            1.0,
            0.0,
            0.0,
            0.0,
            0.0,
            1.0,
            0.52,
            0.0,
            0.0,
            0.0,
            1.0
        ],
        "position": [
            0.0,
            0.0,
            0.52
        ],
        "focalPoint": [
            0.0,
            0.0,
            0.0
        ],
        "fov": 88.0,
        "viewup": [
            0.0,
            1.0,
            0.0
        ],
        "distance": 0.52
    }
}