{
    "image_file": "images\\scene1\\000098.png",
    "model": {
        "num": 5,
        "0": {
            "model_file": "models\\bus_001.obj",
            "matrix": [
                -0.9981818530611332,
                -0.0466837350264913,
                -0.03812633084150663,
                -7.120371062211087,
                -0.03925974398860449,
                0.023606946346417978,
                0.9989501411913244,
                -1.7595473100685461,
                -0.045734677449490606,
                0.9986307330380796,
                -0.0253968169347542,
                -0.06372517928706933,
                0.0,
                0.0,
                0.0,
                1.0
            ],
            "class": 0,
            "size": [
                2.6161980628967285,
                16.801679611206055,
                3.6186299584805965
            ]
        },
        "1": {
            "model_file": "models\\van_001.obj",
            "matrix": [
                -1.007961331171833,
                -0.0746958779940512,
                0.07124352744061119,
                -10.047235626525694,
                0.07664889858968471,
                -0.07321586346383462,
                1.0076733315968056,
                -2.5133239497104776,
                -0.069137983312154,
                1.007819985253865,
                0.0784855153234375,
                -20.07147705014904,
                0.0,
                0.0,
                0.0,
                1.0
            ],
            "class": 4,
            "size": [
                1.8621000051498413,
                4.981686115264893,
                2.1579938968643546
            ]
        },
        "2": {
            "model_file": "models\\van_001.obj",
            "matrix": [
                -0.9664243355078697,
                -0.2531255805835123,
                0.04417515356432927,
                -11.915615185620743,
                0.08903576092747517,
                -0.16861869287407974,
                0.9816518576814847,
                -2.6509808514316786,
                -0.24103243975497948,
                0.9526254126715781,
                0.18549443689250095,
                -33.516379112524554,
                0.0,
                0.0,
                0.0,
                1.0
            ],
            "class": 4,
            "size": [
                1.8621000051498413,
                4.981686115264893,
                2.1579938968643546
            ]
        },
        "3": {
            "model_file": "models\\bus_001.obj",
            "matrix": [
                -0.941611637431872,
                0.06364812000716712,
                0.040413868255015195,
                -8.1846951052603,
                0.037949091150732916,
                -0.03742203546854141,
                0.9431205105484282,
                -0.9439891333290207,
                0.06514775827773316,
                0.9417352853938495,
                0.03474566894508847,
                -35.372547052265105,
                0.0,
                0.0,
                0.0,
                1.0
            ],
            "class": 0,
            "size": [
                2.6161980628967285,
                16.801679611206055,
                3.6186299584805965
            ]
        },
        "4": {
            "model_file": "models\\car_001.obj",
            "matrix": [
                -0.9015332244697963,
                -0.1228790649634181,
                0.10657388834623444,
                1.9910188884029318,
                0.1302812539101475,
                -0.18613338330296295,
                0.887468631336471,
                -1.0629146008705532,
                -0.09738610354213527,
                0.8885237825293788,
                0.20065105986008136,
                -17.95675049107243,
                0.0,
                0.0,
                0.0,
                1.0
            ],
            "class": 1,
            "size": [
                1.6541399955749512,
                3.9089720249176025,
                1.600256057223305
            ]
        }
    },
    "camera": {
        "matrix": [
            1.0,
            0.0,
            0.0,
            0.0,
            0.0,
            1.0,
            0.0,
            0.0,
            0.0,
            0.0,
            1.0,
            0.52,
            0.0,
            0.0,
            0.0,
            1.0
        ],
        "position": [
            0.0,
            0.0,
            0.52
        ],
        "focalPoint": [
            0.0,
            0.0,
            0.0
        ],
        "fov": 88.0,
        "viewup": [
            0.0,
            1.0,
            0.0
        ],
        "distance": 0.52
    }
}