{
    "image_file": "images\\scene1\\000025.png",
    "model": {
        "num": 5,
        "0": {
            "model_file": "models\\car_001.obj",
            "matrix": [
                1.3012610705622278,
                0.2163504036761422,
                0.06715297281647559,
                -1.6070780566778273,
                -0.09065401872542234,
                0.13850720546373443,
                1.310417870609686,
                -1.268178134466868,
                0.20760266813760586,
                -1.2956101456662787,
                0.15130391706215923,
                -33.91390574841614,
                0.0,
                0.0,
                0.0,
                1.0
            ],
            "class": 1,
            "size": [
                1.6541399955749512,
                3.9089720249176025,
                1.600256057223305
            ]
        },
        "1": {
            "model_file": "models\\car_001.obj",
            "matrix": [
                -1.3370727721186457,
                -0.30093834707161443,
                0.03460608629053788,
                -3.1362648086330625,
                0.04006967537095872,
                -0.020463151164032793,
                1.3702192337168855,
                -1.9222113538356473,
                -0.30025970602498697,
                1.3373639888204654,
                0.028753056038409674,
                -13.201903214788235,
                0.0,
                0.0,
                0.0,
                1.0
            ],
            "class": 1,
            "size": [
                1.6541399955749512,
                3.9089720249176025,
                1.600256057223305
            ]
        },
        "2": {
            "model_file": "models\\van_001.obj",
            "matrix": [
                -0.9523079308676924,
                0.3021594205351554,
                0.04253574248040019,
                4.536507816083414,
                0.04939593339063503,
                0.015095254957443948,
                0.9986651966711628,
                -2.4774372918963783,
                0.3011140092572364,
                0.9531378797737716,
                -0.029300777624551112,
                -5.211404185689455,
                0.0,
                0.0,
                0.0,
                1.0
            ],
            "class": 4,
            "size": [
                1.8621000051498413,
                4.981686115264893,
                2.1579938968643546
            ]
        },
        "3": {
            "model_file": "models\\van_001.obj",
            "matrix": [
                0.9753920906634113,
                0.22046784236947464,
                -0.0020493784882900656,
                -4.27594497115998,
                0.008554396636089867,
                -0.028554835751859513,
                0.999555623091258,
                -2.3495515808571046,
                0.22031135188508155,
                -0.9749761801378086,
                -0.029738130311688246,
                -5.090835563323769,
                0.0,
                0.0,
                0.0,
                1.0
            ],
            "class": 4,
            "size": [
                1.8621000051498413,
                4.981686115264893,
                2.1579938968643546
            ]
        },
        "4": {
            "model_file": "models\\van_001.obj",
            "matrix": [
                -0.9979681095169843,
                -0.004843374943959933,
                0.06353104836419787,
                4.527163985246235,
                0.06355304155656333,
                -0.004530764795078014,
                0.9979681773880822,
                -2.12100189261608,
                -0.004545689827907882,
                0.99997800670291,
                0.004829369986297623,
                -22.83607922069645,
                0.0,
                0.0,
                0.0,
                1.0
            ],
            "class": 4,
            "size": [
                1.8621000051498413,
                4.981686115264893,
                2.1579938968643546
            ]
        }
    },
    "camera": {
        "matrix": [
            1.0,
            0.0,
            0.0,
            0.0,
            0.0,
            1.0,
            0.0,
            0.0,
            0.0,
            0.0,
            1.0,
            0.58,
            0.0,
            0.0,
            0.0,
            1.0
        ],
        "position": [
            0.0,
            0.0,
            0.58
        ],
        "focalPoint": [
            0.0,
            0.0,
            0.0
        ],
        "fov": 82.0,
        "viewup": [
            0.0,
            1.0,
            0.0
        ],
        "distance": 0.58
    }
}