{
    "image_file": "images\\scene1\\000098.png",
    "model": {
        "num": 5,
        "0": {
            "model_file": "models\\bus_001.obj",
            "matrix": [
                -0.9981915626908515,
                -0.046471227738201275,
                -0.03813173436016731,
                -6.689714939807391,
                -0.03906687357427646,
                0.019383359757209177,
                0.9990485797766162,
                -1.868704426899053,
                -0.04568789294705614,
                0.998731550696695,
                -0.021163791745137387,
                -0.010204689433916198,
                0.0,
                0.0,
                0.0,
                1.0
            ],
            "class": 0,
            "size": [
                2.6161980628967285,
                16.801679611206055,
                3.6186299584805965
            ]
        },
        "1": {
            "model_file": "models\\car_001.obj",
            "matrix": [
                -0.8843374631157199,
                -0.23440305102200484,
                0.047136759626158264,
                2.200996221012451,
                0.08988991428731924,
                -0.1585950293217662,
                0.89776769438997,
                -0.9878364171864834,
                -0.22155466085347655,
                0.8712762130647222,
                0.1760985687281429,
                -20.820058796681053,
                0.0,
                0.0,
                0.0,
                1.0
            ],
            "class": 1,
            "size": [
                1.6541399955749512,
                3.9089720249176025,
                1.600256057223305
            ]
        },
        "2": {
            "model_file": "models\\bus_001.obj",
            "matrix": [
                -0.9363435408371826,
                0.11656374102868615,
                0.04461510377435854,
                -10.20156952249162,
                0.04063120814839816,
                -0.0345946447191966,
                0.9431167240358203,
                -1.172553622852219,
                0.11801151694559839,
                0.9367672840727534,
                0.02927758586443061,
                -44.15317976981988,
                0.0,
                0.0,
                0.0,
                1.0
            ],
            "class": 0,
            "size": [
                2.6161980628967285,
                16.801679611206055,
                3.6186299584805965
            ]
        },
        "3": {
            "model_file": "models\\van_001.obj",
            "matrix": [
                -1.012040327157796,
                -0.041949540016968025,
                -0.025608042250293228,
                -9.285896739911847,
                -0.02314616358348459,
                -0.05891325785415184,
                1.0112539951414548,
                -2.3791997499559683,
                -0.04335655483193564,
                1.010648615331029,
                0.05788562007727389,
                -20.459272722844815,
                0.0,
                0.0,
                0.0,
                1.0
            ],
            "class": 4,
            "size": [
                1.8621000051498413,
                4.981686115264893,
                2.1579938968643546
            ]
        },
        "4": {
            "model_file": "models\\van_001.obj",
            "matrix": [
                -0.9992963693498549,
                -0.028259872315906008,
                0.02466061274359005,
                -12.169547353367081,
                0.02582262132708507,
                -0.041519450124418225,
                0.9988039484749625,
                -2.4366747868020684,
                -0.027202176971680057,
                0.9987379610678918,
                0.042219979748299226,
                -36.519425003321366,
                0.0,
                0.0,
                0.0,
                1.0
            ],
            "class": 4,
            "size": [
                1.8621000051498413,
                4.981686115264893,
                2.1579938968643546
            ]
        }
    },
    "camera": {
        "matrix": [
            1.0,
            0.0,
            0.0,
            0.0,
            0.0,
            1.0,
            0.0,
            0.0,
            0.0,
            0.0,
            1.0,
            0.58,
            0.0,
            0.0,
            0.0,
            1.0
        ],
        "position": [
            0.0,
            0.0,
            0.58
        ],
        "focalPoint": [
            0.0,
            0.0,
            0.0
        ],
        "fov": 82.0,
        "viewup": [
            0.0,
            1.0,
            0.0
        ],
        "distance": 0.58
    }
}