{
    "image_file": "images\\scene1\\000176.png",
    "model": {
        "num": 5,
        "0": {
            "model_file": "models\\car_001.obj",
            "matrix": [
                0.9544055557344616,
                0.2853478500203121,
                -0.08767348328877883,
                1.3699281912227235,
                0.07114377074393571,
                0.06780849365626436,
                0.9951585662960479,
                -0.9577039511389936,
                0.2899113641572837,
                -0.9560222867051046,
                0.04441608104740345,
                -36.11133650052396,
                0.0,
                0.0,
                0.0,
                1.0
            ],
            "class": 1,
            "size": [
                1.6541399955749512,
                3.9089720249176025,
                1.600256057223305
            ]
        },
        "1": {
            "model_file": "models\\car_001.obj",
            "matrix": [
                -0.9054058569458169,
                0.4162095176243209,
                0.08372497624455799,
                3.6843427279254937,
                0.10072912933563986,
                0.0190212544070422,
                0.994732041498645,
                -1.8298911828880065,
                0.41242438908424145,
                0.9090697604252954,
                -0.059146377478096625,
                -5.289775969815951,
                0.0,
                0.0,
                0.0,
                1.0
            ],
            "class": 1,
            "size": [
                1.6541399955749512,
                3.9089720249176025,
                1.600256057223305
            ]
        },
        "2": {
            "model_file": "models\\car_001.obj",
            "matrix": [
                0.9899872795668266,
                0.13775138562108863,
                0.03081788531604184,
                -2.9406380751242107,
                -0.03139258547430045,
                0.0020008936136215196,
                0.9995051285521203,
                -1.543207243824958,
                0.13762155308352475,
                -0.990464816227321,
                0.006305231372565129,
                -13.458805629659262,
                0.0,
                0.0,
                0.0,
                1.0
            ],
            "class": 1,
            "size": [
                1.6541399955749512,
                3.9089720249176025,
                1.600256057223305
            ]
        },
        "3": {
            "model_file": "models\\van_001.obj",
            "matrix": [
                0.9840403627623964,
                0.16483043361644273,
                0.06704843479358887,
                -2.5168345466296573,
                -0.06300184443856183,
                -0.029662706759277076,
                0.9975724993327847,
                -1.9637735569179506,
                0.1664191456888122,
                -0.9858757791839322,
                -0.01880467938246984,
                -19.114586242734315,
                0.0,
                0.0,
                0.0,
                1.0
            ],
            "class": 4,
            "size": [
                1.8621000051498413,
                4.981686115264893,
                2.1579938968643546
            ]
        },
        "4": {
            "model_file": "models\\van_001.obj",
            "matrix": [
                0.9821487278358765,
                0.17558801570074437,
                0.067473884967795,
                -1.6104777807938682,
                -0.07746917523681368,
                0.05069923773275464,
                0.995704832860347,
                -1.6268894873839388,
                0.17141296129085434,
                -0.9831573811122992,
                0.06339685059927902,
                -34.15961248648699,
                0.0,
                0.0,
                0.0,
                1.0
            ],
            "class": 4,
            "size": [
                1.8621000051498413,
                4.981686115264893,
                2.1579938968643546
            ]
        }
    },
    "camera": {
        "matrix": [
            1.0,
            0.0,
            0.0,
            0.0,
            0.0,
            1.0,
            0.0,
            0.0,
            0.0,
            0.0,
            1.0,
            0.52,
            0.0,
            0.0,
            0.0,
            1.0
        ],
        "position": [
            0.0,
            0.0,
            0.52
        ],
        "focalPoint": [
            0.0,
            0.0,
            0.0
        ],
        "fov": 88.0,
        "viewup": [
            0.0,
            1.0,
            0.0
        ],
        "distance": 0.52
    }
}