{
    "image_file": "images\\scene1\\000179.png",
    "model": {
        "num": 2,
        "0": {
            "model_file": "models\\van_001.obj",
            "matrix": [
                -1.1267814706925812,
                -0.021474021545390066,
                0.049412040445906025,
                0.031169510794879906,
                0.05162602495260862,
                -0.13445176988082874,
                1.118837182597184,
                -1.8766247434633951,
                -0.015408987311058508,
                1.1198217510001567,
                0.13528109674107158,
                -28.045617238036915,
                0.0,
                0.0,
                0.0,
                1.0
            ],
            "class": 4,
            "size": [
                1.8621000051498413,
                4.981686115264893,
                2.1579938968643546
            ]
        },
        "1": {
            "model_file": "models\\bus_001.obj",
            "matrix": [
                0.9836894830536583,
                -0.17212127661741686,
                0.05224238762958988,
                9.53822126074913,
                -0.05066080381126179,
                0.013571747038161948,
                0.9986236982164715,
                0.5226747120690394,
                -0.17259340626700384,
                -0.9849822708140127,
                0.004630582601645628,
                -41.469138796834855,
                0.0,
                0.0,
                0.0,
                1.0
            ],
            "class": 0,
            "size": [
                2.6161980628967285,
                16.801679611206055,
                3.6186299584805965
            ]
        }
    },
    "camera": {
        "matrix": [
            1.0,
            0.0,
            0.0,
            0.0,
            0.0,
            1.0,
            0.0,
            0.0,
            0.0,
            0.0,
            1.0,
            0.58,
            0.0,
            0.0,
            0.0,
            1.0
        ],
        "position": [
            0.0,
            0.0,
            0.58
        ],
        "focalPoint": [
            0.0,
            0.0,
            0.0
        ],
        "fov": 82.0,
        "viewup": [
            0.0,
            1.0,
            0.0
        ],
        "distance": 0.58
    }
}