{
    "image_file": "images\\scene1\\000159.png",
    "model": {
        "num": 3,
        "0": {
            "model_file": "models\\car_001.obj",
            "matrix": [
                0.9873552361030525,
                0.15103767062807244,
                0.04813792466585598,
                -4.829728313479563,
                -0.06642446300622479,
                0.11846490113831615,
                0.9907339995743766,
                -1.4636480897876147,
                0.14393550102120317,
                -0.9814039378612265,
                0.1269995365985293,
                -10.40940642723639,
                0.0,
                0.0,
                0.0,
                1.0
            ],
            "class": 1,
            "size": [
                1.6541399955749512,
                3.9089720249176025,
                1.600256057223305
            ]
        },
        "1": {
            "model_file": "models\\car_001.obj",
            "matrix": [
                0.9586994177260312,
                0.2813478210430774,
                0.041699281121942655,
                -5.945367076013261,
                -0.077183138937303,
                0.11624070473328024,
                0.9902175829719988,
                -2.051158230996685,
                0.27374840550322693,
                -0.9525395016257489,
                0.13315520390513458,
                -7.78,
                0.0,
                0.0,
                0.0,
                1.0
            ],
            "class": 1,
            "size": [
                1.6541399955749512,
                3.9089720249176025,
                1.600256057223305
            ]
        },
        "2": {
            "model_file": "models\\van_001.obj",
            "matrix": [
                -0.9787610124608537,
                0.20444850102553203,
                0.015089430573274137,
                4.95,
                0.004281275345648261,
                -0.053204472323749356,
                0.9985744613228249,
                -1.66,
                0.20495987697114754,
                0.9774303527889645,
                0.05119916287214304,
                -18.82,
                0.0,
                0.0,
                0.0,
                1.0
            ],
            "class": 4,
            "size": [
                1.8621000051498413,
                4.981686115264893,
                2.1579938968643546
            ]
        }
    },
    "camera": {
        "matrix": [
            1.0,
            0.0,
            0.0,
            0.0,
            0.0,
            1.0,
            0.0,
            0.0,
            0.0,
            0.0,
            1.0,
            0.58,
            0.0,
            0.0,
            0.0,
            1.0
        ],
        "position": [
            0.0,
            0.0,
            0.58
        ],
        "focalPoint": [
            0.0,
            0.0,
            0.0
        ],
        "fov": 82.0,
        "viewup": [
            0.0,
            1.0,
            0.0
        ],
        "distance": 0.58
    }
}