{
    "image_file": "images\\scene1\\000159.png",
    "model": {
        "num": 1,
        "0": {
            "model_file": "models\\car_001.obj",
            "matrix": [
                0.981,
                0.1941,
                0.0067,
                -6.3764,
                -0.0321,
                0.1282,
                0.9912,
                -2.0609,
                0.1915,
                -0.9726,
                0.132,
                -13.22,
                0.0,
                0.0,
                0.0,
                1.0
            ],
            "actor_id": 0,
            "R_matrix_c2o": [
                0.981,
                0.19409999999999988,
                0.006699999999999956,
                0.032099999999999934,
                -0.1282,
                -0.9912,
                -0.1914999999999999,
                0.9726,
                -0.132
            ],
            "T_matrix_c2o": [
                -6.3764,
                2.0609,
                13.74
            ],
            "class": 2,
            "class_name": "Car",
            "size": [
                1.8857,
                4.4562,
                1.5688
            ],
            "2d_bbox": [
                189.01,
                195.28,
                414.89,
                322.31
            ],
            "3d_bbox": [
                [
                    196,
                    314
                ],
                [
                    345,
                    257
                ],
                [
                    287,
                    322
                ],
                [
                    414,
                    261
                ],
                [
                    189,
                    230
                ],
                [
                    342,
                    195
                ],
                [
                    281,
                    235
                ],
                [
                    412,
                    197
                ]
            ]
        }
    },
    "camera": {
        "matrix": [
            1.0,
            0.0,
            0.0,
            0.0,
            0.0,
            1.0,
            0.0,
            0.0,
            0.0,
            0.0,
            1.0,
            0.52,
            0.0,
            0.0,
            0.0,
            1.0
        ],
        "position": [
            0.0,
            0.0,
            0.52
        ],
        "focalPoint": [
            0.0,
            0.0,
            0.0
        ],
        "fov": 88.0,
        "viewup": [
            0.0,
            1.0,
            0.0
        ],
        "distance": 0.52
    }
}