{
    "image_file": "images\\scene1\\000173.png",
    "model": {
        "num": 6,
        "0": {
            "model_file": "models\\car_001.obj",
            "matrix": [
                -0.7452912351456517,
                -0.6604697793218182,
                0.0912175718688595,
                -5.6642650209373,
                0.040195441406956106,
                0.09205405234900997,
                0.9949423993057142,
                -1.8961724781551843,
                -0.665526334043343,
                0.7451883802426706,
                -0.04205920405956081,
                -6.292639684582607,
                0.0,
                0.0,
                0.0,
                1.0
            ],
            "class": 1,
            "size": [
                1.6541399955749512,
                3.9089720249176025,
                1.600256057223305
            ]
        },
        "1": {
            "model_file": "models\\car_001.obj",
            "matrix": [
                -0.9200067639598222,
                -0.3903380628283496,
                0.0349821522434004,
                -0.23436377677671943,
                0.09259950126402533,
                -0.12977839965478377,
                0.9872096531885646,
                -1.1775065647310787,
                -0.38080557589644753,
                0.9114788882307888,
                0.15554211544055416,
                -14.834779289617801,
                0.0,
                0.0,
                0.0,
                1.0
            ],
            "class": 1,
            "size": [
                1.6541399955749512,
                3.9089720249176025,
                1.600256057223305
            ]
        },
        "2": {
            "model_file": "models\\van_001.obj",
            "matrix": [
                -0.996291933906746,
                0.024048550432408177,
                -0.0826078062563369,
                5.675123076750228,
                -0.08421807933215009,
                -0.07620004612016253,
                0.9935295003596512,
                -2.557329148468507,
                0.017598225648866324,
                0.9968024980874456,
                0.07794281404097946,
                -8.820838577371607,
                0.0,
                0.0,
                0.0,
                1.0
            ],
            "class": 4,
            "size": [
                1.8621000051498413,
                4.981686115264893,
                2.1579938968643546
            ]
        },
        "3": {
            "model_file": "models\\van_001.obj",
            "matrix": [
                -0.989990573647008,
                -0.1156524354490393,
                0.08088991448121635,
                10.54546485778571,
                0.08915063173313242,
                -0.06812787468729403,
                0.9936854419544305,
                -1.774921754735894,
                -0.10941128347504336,
                0.990950607681984,
                0.07775644142478269,
                -30.806997561835246,
                0.0,
                0.0,
                0.0,
                1.0
            ],
            "class": 4,
            "size": [
                1.8621000051498413,
                4.981686115264893,
                2.1579938968643546
            ]
        },
        "4": {
            "model_file": "models\\car_001.obj",
            "matrix": [
                0.9298719427361686,
                0.36096520209452637,
                -0.07100910497194685,
                4.6995729246867075,
                0.021358717440918773,
                0.13972347981596206,
                0.989960178177586,
                -0.5767818404732447,
                0.36726281502670227,
                -0.9220528575222653,
                0.12221518986478573,
                -35.261044175550666,
                0.0,
                0.0,
                0.0,
                1.0
            ],
            "class": 1,
            "size": [
                1.6541399955749512,
                3.9089720249176025,
                1.600256057223305
            ]
        },
        "5": {
            "model_file": "models\\car_001.obj",
            "matrix": [
                0.9536195936914874,
                0.3009978019568954,
                0.003161288470318241,
                -1.8576821631037652,
                -0.023764040468307823,
                0.06481146103505557,
                0.9976145272093406,
                -1.3390486505392487,
                0.3000748921657671,
                -0.9514198850852343,
                0.0689584030853774,
                -6.680395673524839,
                0.0,
                0.0,
                0.0,
                1.0
            ],
            "class": 1,
            "size": [
                1.6541399955749512,
                3.9089720249176025,
                1.600256057223305
            ]
        }
    },
    "camera": {
        "matrix": [
            1.0,
            0.0,
            0.0,
            0.0,
            0.0,
            1.0,
            0.0,
            0.0,
            0.0,
            0.0,
            1.0,
            0.58,
            0.0,
            0.0,
            0.0,
            1.0
        ],
        "position": [
            0.0,
            0.0,
            0.58
        ],
        "focalPoint": [
            0.0,
            0.0,
            0.0
        ],
        "fov": 82.0,
        "viewup": [
            0.0,
            1.0,
            0.0
        ],
        "distance": 0.58
    }
}