{
    "image_file": "images\\scene1\\000176.png",
    "model": {
        "num": 5,
        "0": {
            "model_file": "models\\car_001.obj",
            "matrix": [
                -0.9177965443406672,
                0.3853957313014328,
                0.09549677214956126,
                3.529876451779999,
                0.10206181738718334,
                -0.003439432121523651,
                0.9947721124651142,
                -1.685002444083919,
                0.38370938042740305,
                0.9227449813471273,
                -0.0361774898342577,
                -4.488036482236935,
                0.0,
                0.0,
                0.0,
                1.0
            ],
            "class": 1,
            "size": [
                1.6541399955749512,
                3.9089720249176025,
                1.600256057223305
            ]
        },
        "1": {
            "model_file": "models\\van_001.obj",
            "matrix": [
                0.9821487278358766,
                0.17558801570074434,
                0.06747388496779516,
                -1.7696049945759782,
                -0.07746917523681385,
                0.05069923773275471,
                0.9957048328603475,
                -1.7526281497972949,
                0.17141296129085437,
                -0.9831573811122994,
                0.06339685059927914,
                -32.76174038960024,
                0.0,
                0.0,
                0.0,
                1.0
            ],
            "class": 4,
            "size": [
                1.8621000051498413,
                4.981686115264893,
                2.1579938968643546
            ]
        },
        "2": {
            "model_file": "models\\van_001.obj",
            "matrix": [
                0.9840403627623966,
                0.16483043361644276,
                0.06704843479358887,
                -2.5719076863239625,
                -0.06300184443856184,
                -0.02966270675927708,
                0.9975724993327847,
                -1.5715897665503917,
                0.16641914568881222,
                -0.9858757791839323,
                -0.01880467938246984,
                -21.10359825019591,
                0.0,
                0.0,
                0.0,
                1.0
            ],
            "class": 4,
            "size": [
                1.8621000051498413,
                4.981686115264893,
                2.1579938968643546
            ]
        },
        "3": {
            "model_file": "models\\car_001.obj",
            "matrix": [
                0.9899872795668266,
                0.13775138562108866,
                0.03081788531604184,
                -2.789054867171621,
                -0.03139258547430045,
                0.00200089361362152,
                0.9995051285521203,
                -1.5277736613392148,
                0.13762155308352475,
                -0.9904648162273212,
                0.006305231372565129,
                -13.169132921586208,
                0.0,
                0.0,
                0.0,
                1.0
            ],
            "class": 1,
            "size": [
                1.6541399955749512,
                3.9089720249176025,
                1.600256057223305
            ]
        },
        "4": {
            "model_file": "models\\car_001.obj",
            "matrix": [
                0.9544055557344617,
                0.2853478500203121,
                -0.08767348328877886,
                1.479968433598241,
                0.07114377074393569,
                0.06780849365626436,
                0.9951585662960482,
                -0.9714589814359247,
                0.28991136415728375,
                -0.9560222867051046,
                0.044416081047403466,
                -39.209352308133646,
                0.0,
                0.0,
                0.0,
                1.0
            ],
            "class": 1,
            "size": [
                1.6541399955749512,
                3.9089720249176025,
                1.600256057223305
            ]
        }
    },
    "camera": {
        "matrix": [
            1.0,
            0.0,
            0.0,
            0.0,
            0.0,
            1.0,
            0.0,
            0.0,
            0.0,
            0.0,
            1.0,
            0.52,
            0.0,
            0.0,
            0.0,
            1.0
        ],
        "position": [
            0.0,
            0.0,
            0.52
        ],
        "focalPoint": [
            0.0,
            0.0,
            0.0
        ],
        "fov": 88.0,
        "viewup": [
            0.0,
            1.0,
            0.0
        ],
        "distance": 0.52
    }
}