{
    "image_file": "images\\scene1\\000176.png",
    "model": {
        "num": 5,
        "0": {
            "model_file": "models\\van_001.obj",
            "matrix": [
                0.982148727835876,
                0.17558801570074437,
                0.06747388496779444,
                -1.6104777807938682,
                -0.07746917523681301,
                0.0506992377327545,
                0.9957048328603464,
                -1.6268894873839388,
                0.1714129612908546,
                -0.9831573811122983,
                0.06339685059927881,
                -34.15961248648699,
                0.0,
                0.0,
                0.0,
                1.0
            ],
            "class": 4,
            "size": [
                1.8621000051498413,
                4.981686115264893,
                2.1579938968643546
            ]
        },
        "1": {
            "model_file": "models\\van_001.obj",
            "matrix": [
                0.9764805576818221,
                0.20468230735771623,
                0.06775598515348275,
                -2.3430726923320844,
                -0.07936697900792059,
                0.04905105688080338,
                0.9956379243791571,
                -1.6125861407281445,
                0.20046596497299513,
                -0.977598663498264,
                0.06414241976920257,
                -19.205309628144057,
                0.0,
                0.0,
                0.0,
                1.0
            ],
            "class": 4,
            "size": [
                1.8621000051498413,
                4.981686115264893,
                2.1579938968643546
            ]
        },
        "2": {
            "model_file": "models\\car_001.obj",
            "matrix": [
                0.9816497911010085,
                0.17220382624310848,
                -0.0819117199098311,
                -2.757492876693817,
                0.07114377074393413,
                0.0678084936562643,
                0.9951585662960469,
                -1.50871255104922,
                0.1769244231746652,
                -0.9827247073393977,
                0.05431296409707768,
                -13.497168082168162,
                0.0,
                0.0,
                0.0,
                1.0
            ],
            "class": 1,
            "size": [
                1.6541399955749512,
                3.9089720249176025,
                1.600256057223305
            ]
        },
        "3": {
            "model_file": "models\\car_001.obj",
            "matrix": [
                0.954405555734461,
                0.2853478500203121,
                -0.08767348328877878,
                1.3699281912227235,
                0.07114377074393563,
                0.06780849365626436,
                0.9951585662960474,
                -0.9577039511389936,
                0.2899113641572835,
                -0.9560222867051046,
                0.044416081047403425,
                -36.11133650052396,
                0.0,
                0.0,
                0.0,
                1.0
            ],
            "class": 1,
            "size": [
                1.6541399955749512,
                3.9089720249176025,
                1.600256057223305
            ]
        },
        "4": {
            "model_file": "models\\car_001.obj",
            "matrix": [
                -0.9238986728928752,
                0.3737392936225161,
                0.08203769029743604,
                3.685691019613978,
                0.09555686962449392,
                0.01775454758434601,
                0.9952656231919391,
                -1.8303175621649876,
                0.3705133289024378,
                0.927363853318971,
                -0.05211675990522764,
                -5.2953932600938,
                0.0,
                0.0,
                0.0,
                1.0
            ],
            "class": 1,
            "size": [
                1.6541399955749512,
                3.9089720249176025,
                1.600256057223305
            ]
        }
    },
    "camera": {
        "matrix": [
            1.0,
            0.0,
            0.0,
            0.0,
            0.0,
            1.0,
            0.0,
            0.0,
            0.0,
            0.0,
            1.0,
            0.52,
            0.0,
            0.0,
            0.0,
            1.0
        ],
        "position": [
            0.0,
            0.0,
            0.52
        ],
        "focalPoint": [
            0.0,
            0.0,
            0.0
        ],
        "fov": 88.0,
        "viewup": [
            0.0,
            1.0,
            0.0
        ],
        "distance": 0.52
    }
}