{
    "image_file": "images\\scene1\\000176.png",
    "model": {
        "num": 1,
        "0": {
            "model_file": "models\\car_001.obj",
            "matrix": [
                0.9866,
                0.1528,
                0.0568,
                -3.28,
                -0.0719,
                0.095,
                0.9929,
                -1.86,
                0.1463,
                -0.9837,
                0.1048,
                -16.65,
                0.0,
                0.0,
                0.0,
                1.0
            ],
            "actor_id": 0,
            "R_matrix_c2o": [
                0.9866,
                0.15279999999999988,
                0.056799999999999955,
                0.07189999999999995,
                -0.09500000000000001,
                -0.9929,
                -0.1462999999999999,
                0.9837,
                -0.10479999999999999
            ],
            "T_matrix_c2o": [
                -3.28,
                1.86,
                17.169999999999998
            ],
            "class": 2,
            "class_name": "Car",
            "size": [
                1.8857,
                4.4562,
                1.5688
            ],
            "2d_bbox": [
                426.57,
                188.3,
                555.93,
                280.66
            ],
            "3d_bbox": [
                [
                    426,
                    273
                ],
                [
                    492,
                    239
                ],
                [
                    503,
                    280
                ],
                [
                    553,
                    245
                ],
                [
                    428,
                    206
                ],
                [
                    494,
                    188
                ],
                [
                    506,
                    213
                ],
                [
                    555,
                    192
                ]
            ]
        }
    },
    "camera": {
        "matrix": [
            1.0,
            0.0,
            0.0,
            0.0,
            0.0,
            1.0,
            0.0,
            0.0,
            0.0,
            0.0,
            1.0,
            0.52,
            0.0,
            0.0,
            0.0,
            1.0
        ],
        "position": [
            0.0,
            0.0,
            0.52
        ],
        "focalPoint": [
            0.0,
            0.0,
            0.0
        ],
        "fov": 88.0,
        "viewup": [
            0.0,
            1.0,
            0.0
        ],
        "distance": 0.52
    }
}