{
    "image_file": "images\\scene1\\000173.png",
    "model": {
        "num": 6,
        "0": {
            "model_file": "models\\van_001.obj",
            "matrix": [
                -0.989990573647008,
                -0.1156524354490393,
                0.08088991448121641,
                9.677154338398864,
                0.08915063173313242,
                -0.06812787468729403,
                0.9936854419544305,
                -1.718736956422632,
                -0.10941128347504336,
                0.990950607681984,
                0.07775644142478269,
                -28.25104761898415,
                0.0,
                0.0,
                0.0,
                1.0
            ],
            "class": 4,
            "size": [
                1.8621000051498413,
                4.981686115264893,
                2.1579938968643546
            ]
        },
        "1": {
            "model_file": "models\\car_001.obj",
            "matrix": [
                -0.745291235145649,
                -0.6604697793218177,
                0.09121757186885987,
                -5.414479875966343,
                0.03728473961958359,
                0.09531184827687689,
                0.9947489631909826,
                -1.8468270186745812,
                -0.665695743569514,
                0.7447787068523202,
                -0.046409641377670806,
                -5.980638358815782,
                0.0,
                0.0,
                0.0,
                1.0
            ],
            "class": 1,
            "size": [
                1.6541399955749512,
                3.9089720249176025,
                1.600256057223305
            ]
        },
        "2": {
            "model_file": "models\\car_001.obj",
            "matrix": [
                0.9520156012901835,
                0.30603672795240794,
                0.0027957189179455277,
                -1.8705485795145145,
                -0.023764040468307657,
                0.06481146103505571,
                0.9976145272093413,
                -1.3258901115100015,
                0.3051254910372226,
                -0.9498110315545227,
                0.06897419123563399,
                -6.680408289662493,
                0.0,
                0.0,
                0.0,
                1.0
            ],
            "class": 1,
            "size": [
                1.6541399955749512,
                3.9089720249176025,
                1.600256057223305
            ]
        },
        "3": {
            "model_file": "models\\car_001.obj",
            "matrix": [
                -0.9240336867685786,
                -0.3805506242306179,
                0.03664652936567203,
                -0.22894693687753562,
                0.0925995012640255,
                -0.1297783996547838,
                0.9872096531885661,
                -1.1648033294090285,
                -0.37092732183342586,
                0.915608425791676,
                0.15515841110540587,
                -14.334679610355888,
                0.0,
                0.0,
                0.0,
                1.0
            ],
            "class": 1,
            "size": [
                1.6541399955749512,
                3.9089720249176025,
                1.600256057223305
            ]
        },
        "4": {
            "model_file": "models\\car_001.obj",
            "matrix": [
                0.9298719427361686,
                0.36096520209452637,
                -0.07100910497194685,
                4.53212120101823,
                0.021358717440918773,
                0.13972347981596206,
                0.9899601781775859,
                -0.5845103815656373,
                0.36726281502670227,
                -0.9220528575222653,
                0.12221518986478572,
                -33.97189709709421,
                0.0,
                0.0,
                0.0,
                1.0
            ],
            "class": 1,
            "size": [
                1.6541399955749512,
                3.9089720249176025,
                1.600256057223305
            ]
        },
        "5": {
            "model_file": "models\\van_001.obj",
            "matrix": [
                -0.9962919339067393,
                0.024048550432408135,
                -0.08260780625633629,
                5.471308730201781,
                -0.08421807933214917,
                -0.0762000461201624,
                0.9935295003596472,
                -2.5036580372107524,
                0.017598225648866227,
                0.9968024980874439,
                0.07794281404097914,
                -8.480869278820418,
                0.0,
                0.0,
                0.0,
                1.0
            ],
            "class": 4,
            "size": [
                1.8621000051498413,
                4.981686115264893,
                2.1579938968643546
            ]
        }
    },
    "camera": {
        "matrix": [
            1.0,
            0.0,
            0.0,
            0.0,
            0.0,
            1.0,
            0.0,
            0.0,
            0.0,
            0.0,
            1.0,
            0.58,
            0.0,
            0.0,
            0.0,
            1.0
        ],
        "position": [
            0.0,
            0.0,
            0.58
        ],
        "focalPoint": [
            0.0,
            0.0,
            0.0
        ],
        "fov": 82.0,
        "viewup": [
            0.0,
            1.0,
            0.0
        ],
        "distance": 0.58
    }
}