{
    "image_file": "images\\scene1\\000176.png",
    "model": {
        "num": 5,
        "0": {
            "model_file": "models\\van_001.obj",
            "matrix": [
                0.9855208718850171,
                0.1549763257974721,
                0.0687818982095868,
                -1.5501983433406121,
                -0.0774927992076157,
                0.05087912696733017,
                0.9956938186561259,
                -1.4876461511659882,
                0.15080940670252083,
                -0.9866071421195771,
                0.06215199086654938,
                -36.35302566986869,
                0.0,
                0.0,
                0.0,
                1.0
            ],
            "class": 4,
            "size": [
                1.8621000051498413,
                4.981686115264893,
                2.1579938968643546
            ]
        },
        "1": {
            "model_file": "models\\van_001.obj",
            "matrix": [
                0.9736636148863966,
                0.21790228451587793,
                0.06706533716547519,
                -2.5180759377019566,
                -0.07385103390189549,
                0.02313820644243279,
                0.9970008265765152,
                -1.4884559379383502,
                0.21569698615877503,
                -0.9756962733378594,
                0.03862113872780949,
                -23.351444905552707,
                0.0,
                0.0,
                0.0,
                1.0
            ],
            "class": 4,
            "size": [
                1.8621000051498413,
                4.981686115264893,
                2.1579938968643546
            ]
        },
        "2": {
            "model_file": "models\\car_001.obj",
            "matrix": [
                0.9899872795668266,
                0.1377513856210887,
                0.03081788531604184,
                -2.84029471523203,
                -0.03139258547430045,
                0.0020008936136215205,
                0.9995051285521203,
                -1.4312519523115563,
                0.13762155308352475,
                -0.9904648162273216,
                0.006305231372565129,
                -15.135637487329426,
                0.0,
                0.0,
                0.0,
                1.0
            ],
            "class": 1,
            "size": [
                1.6541399955749512,
                3.9089720249176025,
                1.600256057223305
            ]
        },
        "3": {
            "model_file": "models\\car_001.obj",
            "matrix": [
                0.9362313120741389,
                0.33985620392700755,
                -0.08926752457792783,
                1.526306392876081,
                0.08012810113948124,
                0.04086215440404996,
                0.9959466711351799,
                -0.8296201470839812,
                0.342126318338313,
                -0.9395892959106054,
                0.01102439615073627,
                -42.68043591256437,
                0.0,
                0.0,
                0.0,
                1.0
            ],
            "class": 1,
            "size": [
                1.6541399955749512,
                3.9089720249176025,
                1.600256057223305
            ]
        },
        "4": {
            "model_file": "models\\car_001.obj",
            "matrix": [
                -0.9468375060618768,
                0.3065986191710966,
                0.09744754402715129,
                3.3924917429445314,
                0.08507712905656782,
                -0.05349013653681864,
                0.9949375293980826,
                -1.7666065405076958,
                0.3102589551101496,
                0.950334726302077,
                0.024561937185645477,
                -5.12195383438573,
                0.0,
                0.0,
                0.0,
                1.0
            ],
            "class": 1,
            "size": [
                1.6541399955749512,
                3.9089720249176025,
                1.600256057223305
            ]
        }
    },
    "camera": {
        "matrix": [
            1.0,
            0.0,
            0.0,
            0.0,
            0.0,
            1.0,
            0.0,
            0.0,
            0.0,
            0.0,
            1.0,
            0.58,
            0.0,
            0.0,
            0.0,
            1.0
        ],
        "position": [
            0.0,
            0.0,
            0.58
        ],
        "focalPoint": [
            0.0,
            0.0,
            0.0
        ],
        "fov": 82.0,
        "viewup": [
            0.0,
            1.0,
            0.0
        ],
        "distance": 0.58
    }
}