{
    "image_file": "images\\scene1\\000176.png",
    "model": {
        "num": 5,
        "0": {
            "model_file": "models\\van_001.obj",
            "matrix": [
                0.9855208718850171,
                0.1549763257974721,
                0.0687818982095868,
                -1.5501983433406121,
                -0.0774927992076157,
                0.05087912696733017,
                0.9956938186561259,
                -1.4876461511659882,
                0.15080940670252083,
                -0.9866071421195771,
                0.06215199086654938,
                -36.35302566986869,
                0.0,
                0.0,
                0.0,
                1.0
            ],
            "class": 4,
            "size": [
                1.8621000051498413,
                4.981686115264893,
                2.1579938968643546
            ]
        },
        "1": {
            "model_file": "models\\van_001.obj",
            "matrix": [
                0.9736636148863936,
                0.21790228451587748,
                0.06706533716547519,
                -2.5180759377019566,
                -0.07385103390189526,
                0.02313820644243274,
                0.997000826576515,
                -1.4884559379383502,
                0.2156969861587744,
                -0.9756962733378575,
                0.038621138727809486,
                -23.351444905552707,
                0.0,
                0.0,
                0.0,
                1.0
            ],
            "class": 4,
            "size": [
                1.8621000051498413,
                4.981686115264893,
                2.1579938968643546
            ]
        },
        "2": {
            "model_file": "models\\car_001.obj",
            "matrix": [
                0.989987279566826,
                0.1377513856210888,
                0.030817885316042216,
                -2.84029471523203,
                -0.03139258547430082,
                0.002000893613621414,
                0.999505128552119,
                -1.4312519523115563,
                0.13762155308352428,
                -0.9904648162273245,
                0.006305231372565053,
                -15.135637487329426,
                0.0,
                0.0,
                0.0,
                1.0
            ],
            "class": 1,
            "size": [
                1.6541399955749512,
                3.9089720249176025,
                1.600256057223305
            ]
        },
        "3": {
            "model_file": "models\\car_001.obj",
            "matrix": [
                0.9362313120741389,
                0.33985620392700755,
                -0.08926752457792783,
                1.526306392876081,
                0.08012810113948124,
                0.04086215440404996,
                0.9959466711351799,
                -0.8296201470839812,
                0.342126318338313,
                -0.9395892959106054,
                0.01102439615073627,
                -42.68043591256437,
                0.0,
                0.0,
                0.0,
                1.0
            ],
            "class": 1,
            "size": [
                1.6541399955749512,
                3.9089720249176025,
                1.600256057223305
            ]
        },
        "4": {
            "model_file": "models\\car_001.obj",
            "matrix": [
                -0.9468375060618791,
                0.30659861917109704,
                0.0974475440271516,
                3.3924917429445314,
                0.08507712905656802,
                -0.053490136536818715,
                0.9949375293980852,
                -1.7666065405076958,
                0.3102589551101504,
                0.9503347263020785,
                0.024561937185645547,
                -5.12195383438573,
                0.0,
                0.0,
                0.0,
                1.0
            ],
            "class": 1,
            "size": [
                1.6541399955749512,
                3.9089720249176025,
                1.600256057223305
            ]
        }
    },
    "camera": {
        "matrix": [
            1.0,
            0.0,
            0.0,
            0.0,
            0.0,
            1.0,
            0.0,
            0.0,
            0.0,
            0.0,
            1.0,
            0.58,
            0.0,
            0.0,
            0.0,
            1.0
        ],
        "position": [
            0.0,
            0.0,
            0.58
        ],
        "focalPoint": [
            0.0,
            0.0,
            0.0
        ],
        "fov": 82.0,
        "viewup": [
            0.0,
            1.0,
            0.0
        ],
        "distance": 0.58
    }
}