{
    "image_file": "images\\scene1\\000176.png",
    "model": {
        "num": 5,
        "0": {
            "model_file": "models\\car_001.obj",
            "matrix": [
                0.9544055557344622,
                0.2853478500203121,
                -0.08767348328877878,
                1.3699281912227235,
                0.07114377074393557,
                0.06780849365626439,
                0.9951585662960486,
                -0.9577039511389936,
                0.2899113641572838,
                -0.9560222867051046,
                0.04441608104740354,
                -36.11133650052396,
                0.0,
                0.0,
                0.0,
                1.0
            ],
            "class": 1,
            "size": [
                1.6541399955749512,
                3.9089720249176025,
                1.600256057223305
            ]
        },
        "1": {
            "model_file": "models\\car_001.obj",
            "matrix": [
                -0.9054058569458173,
                0.41620951762432096,
                0.08372497624455805,
                3.6843427279254937,
                0.10072912933563993,
                0.019021254407042203,
                0.9947320414986457,
                -1.8298911828880065,
                0.4124243890842416,
                0.9090697604252955,
                -0.05914637747809666,
                -5.289775969815951,
                0.0,
                0.0,
                0.0,
                1.0
            ],
            "class": 1,
            "size": [
                1.6541399955749512,
                3.9089720249176025,
                1.600256057223305
            ]
        },
        "2": {
            "model_file": "models\\car_001.obj",
            "matrix": [
                0.9899872795668266,
                0.13775138562108868,
                0.03081788531604184,
                -2.9406380751242107,
                -0.03139258547430045,
                0.0020008936136215205,
                0.9995051285521203,
                -1.543207243824958,
                0.13762155308352475,
                -0.9904648162273214,
                0.006305231372565129,
                -13.458805629659262,
                0.0,
                0.0,
                0.0,
                1.0
            ],
            "class": 1,
            "size": [
                1.6541399955749512,
                3.9089720249176025,
                1.600256057223305
            ]
        },
        "3": {
            "model_file": "models\\van_001.obj",
            "matrix": [
                0.9840403627623967,
                0.16483043361644276,
                0.06704843479358887,
                -2.5168345466296573,
                -0.06300184443856184,
                -0.02966270675927708,
                0.9975724993327847,
                -1.9637735569179506,
                0.16641914568881225,
                -0.9858757791839324,
                -0.01880467938246984,
                -19.114586242734315,
                0.0,
                0.0,
                0.0,
                1.0
            ],
            "class": 4,
            "size": [
                1.8621000051498413,
                4.981686115264893,
                2.1579938968643546
            ]
        },
        "4": {
            "model_file": "models\\van_001.obj",
            "matrix": [
                0.9821487278358769,
                0.17558801570074437,
                0.067473884967795,
                -1.6104777807938682,
                -0.07746917523681374,
                0.05069923773275486,
                0.995704832860348,
                -1.6268894873839388,
                0.17141296129085437,
                -0.9831573811122997,
                0.06339685059927927,
                -34.15961248648699,
                0.0,
                0.0,
                0.0,
                1.0
            ],
            "class": 4,
            "size": [
                1.8621000051498413,
                4.981686115264893,
                2.1579938968643546
            ]
        }
    },
    "camera": {
        "matrix": [
            1.0,
            0.0,
            0.0,
            0.0,
            0.0,
            1.0,
            0.0,
            0.0,
            0.0,
            0.0,
            1.0,
            0.58,
            0.0,
            0.0,
            0.0,
            1.0
        ],
        "position": [
            0.0,
            0.0,
            0.58
        ],
        "focalPoint": [
            0.0,
            0.0,
            0.0
        ],
        "fov": 82.0,
        "viewup": [
            0.0,
            1.0,
            0.0
        ],
        "distance": 0.58
    }
}