{
    "image_file": "images\\scene1\\000159.png",
    "model": {
        "num": 3,
        "0": {
            "model_file": "models\\van_001.obj",
            "matrix": [
                -0.9776381641647655,
                0.20444850102553203,
                0.04923850522678616,
                5.004036575763439,
                0.03912841342852208,
                -0.0532044723237494,
                0.9978167423867581,
                -1.499095682567218,
                0.20662184596775443,
                0.9774303527889645,
                0.04401497717497681,
                -18.816150850364732,
                0.0,
                0.0,
                0.0,
                1.0
            ],
            "class": 4,
            "size": [
                1.8621000051498413,
                4.981686115264893,
                2.1579938968643546
            ]
        },
        "1": {
            "model_file": "models\\car_001.obj",
            "matrix": [
                0.9873552361030525,
                0.15103767062807255,
                0.04813792466585598,
                -4.829728313479563,
                -0.06642446300622479,
                0.11846490113831624,
                0.9907339995743766,
                -1.4636480897876147,
                0.14393550102120317,
                -0.9814039378612271,
                0.1269995365985293,
                -10.40940642723639,
                0.0,
                0.0,
                0.0,
                1.0
            ],
            "class": 1,
            "size": [
                1.6541399955749512,
                3.9089720249176025,
                1.600256057223305
            ]
        },
        "2": {
            "model_file": "models\\car_001.obj",
            "matrix": [
                0.9516042195268776,
                0.2980009916441219,
                0.07513200621417865,
                -6.061521276454134,
                -0.11370588477958182,
                0.11427366785090676,
                0.9869207164724046,
                -1.869559097051443,
                0.2855177422598108,
                -0.9477008693754726,
                0.14262777092782347,
                -7.778275259287819,
                0.0,
                0.0,
                0.0,
                1.0
            ],
            "class": 1,
            "size": [
                1.6541399955749512,
                3.9089720249176025,
                1.600256057223305
            ]
        }
    },
    "camera": {
        "matrix": [
            1.0,
            0.0,
            0.0,
            0.0,
            0.0,
            1.0,
            0.0,
            0.0,
            0.0,
            0.0,
            1.0,
            0.58,
            0.0,
            0.0,
            0.0,
            1.0
        ],
        "position": [
            0.0,
            0.0,
            0.58
        ],
        "focalPoint": [
            0.0,
            0.0,
            0.0
        ],
        "fov": 82.0,
        "viewup": [
            0.0,
            1.0,
            0.0
        ],
        "distance": 0.58
    }
}