{
    "image_file": "images\\scene1\\000159.png",
    "model": {
        "num": 3,
        "0": {
            "model_file": "models\\car_001.obj",
            "matrix": [
                0.9786184216096385,
                0.2013705589373758,
                0.041903256192279026,
                -4.737714289351605,
                -0.061812951014511563,
                0.0936212522740057,
                0.9936871842836376,
                -1.5312819240035087,
                0.1961763083890231,
                -0.9750307477797245,
                0.10406679062486701,
                -10.391081121532789,
                0.0,
                0.0,
                0.0,
                1.0
            ],
            "class": 1,
            "size": [
                1.6541399955749512,
                3.9089720249176025,
                1.600256057223305
            ]
        },
        "1": {
            "model_file": "models\\car_001.obj",
            "matrix": [
                0.9645792643045492,
                0.250690299542307,
                0.0821049120886615,
                -6.0670932490360086,
                -0.11370588477958182,
                0.11427366785090642,
                0.9869207164724036,
                -1.869559097051443,
                0.2380290205840264,
                -0.9612990702956562,
                0.13873097278012628,
                -7.7751613706412614,
                0.0,
                0.0,
                0.0,
                1.0
            ],
            "class": 1,
            "size": [
                1.6541399955749512,
                3.9089720249176025,
                1.600256057223305
            ]
        },
        "2": {
            "model_file": "models\\van_001.obj",
            "matrix": [
                -0.9776381641647652,
                0.2044485010255319,
                0.04923850522678616,
                5.004036575763439,
                0.03912841342852208,
                -0.05320447232374936,
                0.9978167423867581,
                -1.499095682567218,
                0.2066218459677544,
                0.977430352788964,
                0.04401497717497681,
                -18.816150850364732,
                0.0,
                0.0,
                0.0,
                1.0
            ],
            "class": 4,
            "size": [
                1.8621000051498413,
                4.981686115264893,
                2.1579938968643546
            ]
        }
    },
    "camera": {
        "matrix": [
            1.0,
            0.0,
            0.0,
            0.0,
            0.0,
            1.0,
            0.0,
            0.0,
            0.0,
            0.0,
            1.0,
            0.58,
            0.0,
            0.0,
            0.0,
            1.0
        ],
        "position": [
            0.0,
            0.0,
            0.58
        ],
        "focalPoint": [
            0.0,
            0.0,
            0.0
        ],
        "fov": 82.0,
        "viewup": [
            0.0,
            1.0,
            0.0
        ],
        "distance": 0.58
    }
}