{
    "image_file": "images\\scene1\\000159.png",
    "model": {
        "num": 3,
        "0": {
            "model_file": "models\\car_001.obj",
            "matrix": [
                0.9072243628276916,
                0.41614903626250777,
                0.06135091775739404,
                -5.73374259208235,
                -0.09311491989165485,
                0.05644611365239441,
                0.9940540467937949,
                -1.7842885303735945,
                0.4102116126896688,
                -0.9075427350110451,
                0.08995897366696616,
                -6.308385057881018,
                0.0,
                0.0,
                0.0,
                1.0
            ],
            "class": 1,
            "size": [
                1.6541399955749512,
                3.9089720249176025,
                1.600256057223305
            ]
        },
        "1": {
            "model_file": "models\\car_001.obj",
            "matrix": [
                0.9890754208899848,
                0.12959753895105083,
                0.07024449935144977,
                -5.205155713752635,
                -0.08397012556283745,
                0.10367686536342324,
                0.9910601019117828,
                -1.5174895598417537,
                0.12115622065856285,
                -0.9861316268562944,
                0.11342656086423747,
                -10.113397865873303,
                0.0,
                0.0,
                0.0,
                1.0
            ],
            "class": 1,
            "size": [
                1.6541399955749512,
                3.9089720249176025,
                1.600256057223305
            ]
        },
        "2": {
            "model_file": "models\\van_001.obj",
            "matrix": [
                -0.9954413934586115,
                0.08459104614438792,
                0.04405436529313697,
                5.6631398959376025,
                0.04368474132205727,
                -0.006216469682548605,
                0.999026025126629,
                -1.7548671973383794,
                0.08478251921716033,
                0.9963963621054004,
                0.0024927932742096026,
                -18.12546948863376,
                0.0,
                0.0,
                0.0,
                1.0
            ],
            "class": 4,
            "size": [
                1.8621000051498413,
                4.981686115264893,
                2.1579938968643546
            ]
        }
    },
    "camera": {
        "matrix": [
            1.0,
            0.0,
            0.0,
            0.0,
            0.0,
            1.0,
            0.0,
            0.0,
            0.0,
            0.0,
            1.0,
            0.52,
            0.0,
            0.0,
            0.0,
            1.0
        ],
        "position": [
            0.0,
            0.0,
            0.52
        ],
        "focalPoint": [
            0.0,
            0.0,
            0.0
        ],
        "fov": 88.0,
        "viewup": [
            0.0,
            1.0,
            0.0
        ],
        "distance": 0.52
    }
}