{
    "image_file": "images\\scene1\\000179.png",
    "model": {
        "num": 2,
        "0": {
            "model_file": "models\\van_001.obj",
            "matrix": [
                -1.1257432792641062,
                -0.05659788653108687,
                0.04514326605829799,
                0.11458629376333046,
                0.05162602495260865,
                -0.13445176988082932,
                1.1188371825971852,
                -2.0435368040408846,
                -0.050754199607409255,
                1.1185966953529782,
                0.13676479958704635,
                -24.248752344876795,
                0.0,
                0.0,
                0.0,
                1.0
            ],
            "class": 4,
            "size": [
                1.8621000051498413,
                4.981686115264893,
                2.1579938968643546
            ]
        },
        "1": {
            "model_file": "models\\bus_001.obj",
            "matrix": [
                0.9829119646986064,
                -0.17523722950064904,
                0.05635586082457527,
                7.997291427242647,
                -0.05703787788273314,
                0.0011462440869885594,
                0.9983713570666664,
                -0.06072870587561585,
                -0.17501642819740285,
                -0.9845255707808914,
                -0.008868502669200336,
                -34.198719426500055,
                0.0,
                0.0,
                0.0,
                1.0
            ],
            "class": 0,
            "size": [
                2.6161980628967285,
                16.801679611206055,
                3.6186299584805965
            ]
        }
    },
    "camera": {
        "matrix": [
            1.0,
            0.0,
            0.0,
            0.0,
            0.0,
            1.0,
            0.0,
            0.0,
            0.0,
            0.0,
            1.0,
            0.52,
            0.0,
            0.0,
            0.0,
            1.0
        ],
        "position": [
            0.0,
            0.0,
            0.52
        ],
        "focalPoint": [
            0.0,
            0.0,
            0.0
        ],
        "fov": 88.0,
        "viewup": [
            0.0,
            1.0,
            0.0
        ],
        "distance": 0.52
    }
}