{
    "image_file": "images\\scene1\\000179.png",
    "model": {
        "num": 2,
        "0": {
            "model_file": "models\\van_001.obj",
            "matrix": [
                -1.1267814706925794,
                -0.02147402154539006,
                0.049412040445906275,
                0.20189534907904333,
                0.05162602495260882,
                -0.1344517698808287,
                1.1188371825971835,
                -1.8766247434633951,
                -0.015408987311058444,
                1.1198217510001562,
                0.13528109674107153,
                -28.045617238036915,
                0.0,
                0.0,
                0.0,
                1.0
            ],
            "class": 4,
            "size": [
                1.8621000051498413,
                4.981686115264893,
                2.1579938968643546
            ]
        },
        "1": {
            "model_file": "models\\bus_001.obj",
            "matrix": [
                0.9836856920585181,
                -0.1721429102488434,
                0.052242489320859745,
                9.454208037731902,
                -0.05224962730835174,
                0.004492721782236673,
                0.9986239491906561,
                -0.1494300819702843,
                -0.172140743827603,
                -0.985061741162479,
                -0.004574976768691203,
                -41.452937012550876,
                0.0,
                0.0,
                0.0,
                1.0
            ],
            "class": 0,
            "size": [
                2.6161980628967285,
                16.801679611206055,
                3.6186299584805965
            ]
        }
    },
    "camera": {
        "matrix": [
            1.0,
            0.0,
            0.0,
            0.0,
            0.0,
            1.0,
            0.0,
            0.0,
            0.0,
            0.0,
            1.0,
            0.58,
            0.0,
            0.0,
            0.0,
            1.0
        ],
        "position": [
            0.0,
            0.0,
            0.58
        ],
        "focalPoint": [
            0.0,
            0.0,
            0.0
        ],
        "fov": 82.0,
        "viewup": [
            0.0,
            1.0,
            0.0
        ],
        "distance": 0.58
    }
}