{
    "image_file": "images\\scene1\\000159.png",
    "model": {
        "num": 5,
        "0": {
            "model_file": "models\\car_001.obj",
            "matrix": [
                0.9921,
                0.1249,
                0.0029,
                -1.7747,
                -0.0034,
                0.0039,
                1.0013,
                0.0633,
                0.125,
                -0.9908,
                0.0043,
                -63.7827,
                0.0,
                0.0,
                0.0,
                1.0
            ],
            "actor_id": 0,
            "R_matrix_c2o": [
                0.9921,
                0.12489999999999987,
                0.002899999999999939,
                0.003399999999999939,
                -0.0039000000000000076,
                -1.0013,
                -0.12499999999999988,
                0.9908,
                -0.0043
            ],
            "T_matrix_c2o": [
                -1.7747,
                -0.0633,
                64.2927
            ],
            "class": 2,
            "class_name": "Car",
            "size": [
                1.8,
                4.4,
                1.6
            ],
            "2d_bbox": [
                589.98,
                170.6,
                615.59,
                186.98
            ],
            "3d_bbox": [
                [
                    589,
                    186
                ],
                [
                    597,
                    186
                ],
                [
                    609,
                    186
                ],
                [
                    615,
                    186
                ],
                [
                    590,
                    170
                ],
                [
                    597,
                    171
                ],
                [
                    609,
                    170
                ],
                [
                    615,
                    171
                ]
            ],
            "3d_bbox_w": [
                [
                    -2.988348237711788,
                    0.05664285979970847,
                    -61.692964871653224
                ],
                [
                    -2.431876377485502,
                    0.07400727946399267,
                    -66.108207220394
                ],
                [
                    -1.1175304767632008,
                    0.050221641967529596,
                    -61.457202968537054
                ],
                [
                    -0.5610586165369149,
                    0.0675860616318138,
                    -65.87244531727782
                ],
                [
                    -2.983807402391366,
                    1.6274462808790027,
                    -61.68621486009385
                ],
                [
                    -2.4273355421650806,
                    1.6448107005432868,
                    -66.10145720883462
                ],
                [
                    -1.1129896414427791,
                    1.621025063046824,
                    -61.45045295697768
                ],
                [
                    -0.5565177812164934,
                    1.638389482711108,
                    -65.86569530571845
                ]
            ]
        },
        "1": {
            "model_file": "models\\car_001.obj",
            "matrix": [
                0.9964,
                0.0851,
                0.0031,
                -4.1997,
                -0.0034,
                0.0039,
                1.0013,
                -0.8571,
                0.0852,
                -0.995,
                0.0042,
                -36.7427,
                0.0,
                0.0,
                0.0,
                1.0
            ],
            "actor_id": 0,
            "R_matrix_c2o": [
                0.9964,
                0.08509999999999987,
                0.003099999999999939,
                0.0033999999999999387,
                -0.003900000000000005,
                -1.0013,
                -0.08519999999999987,
                0.995,
                -0.0042
            ],
            "T_matrix_c2o": [
                -4.1997,
                0.8571,
                37.2527
            ],
            "class": 2,
            "class_name": "Car",
            "size": [
                1.8,
                4.4,
                1.6
            ],
            "2d_bbox": [
                523.02,
                174.5,
                570.74,
                203.57
            ],
            "3d_bbox": [
                [
                    523,
                    203
                ],
                [
                    540,
                    201
                ],
                [
                    557,
                    203
                ],
                [
                    570,
                    201
                ],
                [
                    523,
                    174
                ],
                [
                    540,
                    175
                ],
                [
                    557,
                    174
                ],
                [
                    570,
                    175
                ]
            ],
            "3d_bbox_w": [
                [
                    -5.32877415437499,
                    -0.863760839012604,
                    -34.60606568399638
                ],
                [
                    -4.949563280642122,
                    -0.8463589534269689,
                    -39.040013366400274
                ],
                [
                    -3.4498440113620035,
                    -0.8702121261463607,
                    -34.44539656300481
                ],
                [
                    -3.0706331376291365,
                    -0.8528102405607255,
                    -38.87934424540872
                ],
                [
                    -5.323943312756939,
                    0.7070432477657491,
                    -34.599487604425846
                ],
                [
                    -4.944732439024072,
                    0.7244451333513844,
                    -39.03343528682975
                ],
                [
                    -3.4450131697439534,
                    0.7005919606319926,
                    -34.43881848343429
                ],
                [
                    -3.0658022960110864,
                    0.7179938462176276,
                    -38.87276616583819
                ]
            ]
        },
        "2": {
            "model_file": "models\\car_001.obj",
            "matrix": [
                0.9986,
                0.0528,
                0.0014,
                -5.7814,
                -0.0043,
                0.0561,
                0.9997,
                -1.8513,
                0.0527,
                -0.9957,
                0.0564,
                -11.7805,
                0.0,
                0.0,
                0.0,
                1.0
            ],
            "actor_id": 0,
            "R_matrix_c2o": [
                0.9986,
                0.052799999999999875,
                0.0013999999999999458,
                0.004299999999999939,
                -0.0561,
                -0.9997,
                -0.05269999999999987,
                0.9957,
                -0.0564
            ],
            "T_matrix_c2o": [
                -5.7814,
                1.8513,
                12.2905
            ],
            "class": 2,
            "class_name": "Car",
            "size": [
                1.8,
                4.4,
                1.6
            ],
            "2d_bbox": [
                181.25,
                194.42,
                410.22,
                315.07
            ],