{
    "image_file": "images\\scene1\\000159.png",
    "model": {
        "num": 3,
        "0": {
            "model_file": "models\\car_001.obj",
            "matrix": [
                0.9956342824138313,
                0.0755483925394509,
                0.05481620259564285,
                -4.773063048699833,
                -0.061812951014513895,
                0.09362125227400576,
                0.9936871842836368,
                -1.5282675440474685,
                0.06993950792777215,
                -0.9927373779138877,
                0.09788239741378146,
                -9.285714786940838,
                0.0,
                0.0,
                0.0,
                1.0
            ],
            "class": 1,
            "size": [
                1.6541399955749512,
                3.9089720249176025,
                1.600256057223305
            ]
        },
        "1": {
            "model_file": "models\\car_001.obj",
            "matrix": [
                0.9738919388993101,
                0.20890224127811216,
                0.08885012625722571,
                -5.647001995963333,
                -0.11977652267632338,
                0.14037732349286328,
                0.9828264300803861,
                -1.8763228937010656,
                0.1928421011151652,
                -0.9678088967549143,
                0.16173392779354318,
                -6.4346261792810004,
                0.0,
                0.0,
                0.0,
                1.0
            ],
            "class": 1,
            "size": [
                1.6541399955749512,
                3.9089720249176025,
                1.600256057223305
            ]
        },
        "2": {
            "model_file": "models\\van_001.obj",
            "matrix": [
                -0.9893460659739103,
                0.1382681279091574,
                0.04556628738937535,
                5.337268046017068,
                0.044992469877368296,
                -0.007274371179905007,
                0.9989608406630733,
                -1.578668059915196,
                0.13845591138080254,
                0.9903681175847833,
                0.0009758459293201407,
                -17.726575664307394,
                0.0,
                0.0,
                0.0,
                1.0
            ],
            "class": 4,
            "size": [
                1.8621000051498413,
                4.981686115264893,
                2.1579938968643546
            ]
        }
    },
    "camera": {
        "matrix": [
            1.0,
            0.0,
            0.0,
            0.0,
            0.0,
            1.0,
            0.0,
            0.0,
            0.0,
            0.0,
            1.0,
            0.52,
            0.0,
            0.0,
            0.0,
            1.0
        ],
        "position": [
            0.0,
            0.0,
            0.52
        ],
        "focalPoint": [
            0.0,
            0.0,
            0.0
        ],
        "fov": 88.0,
        "viewup": [
            0.0,
            1.0,
            0.0
        ],
        "distance": 0.52
    }
}