{
    "image_file": "images\\scene1\\000179.png",
    "model": {
        "num": 2,
        "0": {
            "model_file": "models\\van_001.obj",
            "matrix": [
                -1.126781470692582,
                -0.021474021545390066,
                0.049412040445906,
                0.12123266773713126,
                0.05162602495260865,
                -0.13445176988082874,
                1.118837182597184,
                -1.924836448318099,
                -0.015408987311058525,
                1.1198217510001567,
                0.13528109674107158,
                -25.94615015600038,
                0.0,
                0.0,
                0.0,
                1.0
            ],
            "class": 4,
            "size": [
                1.8621000051498413,
                4.981686115264893,
                2.1579938968643546
            ]
        },
        "1": {
            "model_file": "models\\bus_001.obj",
            "matrix": [
                0.97044269006496,
                -0.234597680744301,
                0.05661195535308901,
                8.495702234070077,
                -0.056689386966859885,
                0.006419271164304077,
                0.9983712267303446,
                0.043794892375529595,
                -0.23457898180533504,
                -0.9720713559955971,
                -0.007069663928297804,
                -36.34202837694637,
                0.0,
                0.0,
                0.0,
                1.0
            ],
            "class": 0,
            "size": [
                2.6161980628967285,
                16.801679611206055,
                3.6186299584805965
            ]
        }
    },
    "camera": {
        "matrix": [
            1.0,
            0.0,
            0.0,
            0.0,
            0.0,
            1.0,
            0.0,
            0.0,
            0.0,
            0.0,
            1.0,
            0.52,
            0.0,
            0.0,
            0.0,
            1.0
        ],
        "position": [
            0.0,
            0.0,
            0.52
        ],
        "focalPoint": [
            0.0,
            0.0,
            0.0
        ],
        "fov": 88.0,
        "viewup": [
            0.0,
            1.0,
            0.0
        ],
        "distance": 0.52
    }
}