{
    "image_file": "images\\scene1\\000211.png",
    "model": {
        "num": 3,
        "0": {
            "model_file": "models\\car_001.obj",
            "matrix": [
                0.9857374591441934,
                0.16387287964713254,
                -0.038305886702989456,
                -4.774397629368824,
                0.0347633277425248,
                0.024432215885533903,
                0.9990968811237404,
                -1.4657295011148515,
                0.1646607806498312,
                -0.9861788611317266,
                0.0183869837849841,
                -6.175072239614343,
                0.0,
                0.0,
                0.0,
                1.0
            ],
            "class": 1,
            "size": [
                1.6541399955749512,
                3.9089720249176025,
                1.600256057223305
            ]
        },
        "1": {
            "model_file": "models\\van_001.obj",
            "matrix": [
                -0.949532299369685,
                0.3070652591386948,
                -0.06402608127800015,
                4.105728248866377,
                -0.06251674155608716,
                0.014759688083736972,
                0.9979347717325455,
                -2.252843544073637,
                0.3073761042744562,
                0.9515740004002622,
                0.005181918882296592,
                -6.024890351130792,
                0.0,
                0.0,
                0.0,
                1.0
            ],
            "class": 4,
            "size": [
                1.8621000051498413,
                4.981686115264893,
                2.1579938968643546
            ]
        },
        "2": {
            "model_file": "models\\car_001.obj",
            "matrix": [
                0.9937737366117645,
                0.1049569914763532,
                -0.037387034663349555,
                -6.230977924650697,
                0.03563698980359639,
                0.01850071097734876,
                0.9991935391359712,
                -1.2719545226951188,
                0.10556403449292856,
                -0.9943046583585708,
                0.014645169442875314,
                -23.191173875294517,
                0.0,
                0.0,
                0.0,
                1.0
            ],
            "class": 1,
            "size": [
                1.6541399955749512,
                3.9089720249176025,
                1.600256057223305
            ]
        }
    },
    "camera": {
        "matrix": [
            1.0,
            0.0,
            0.0,
            0.0,
            0.0,
            1.0,
            0.0,
            0.0,
            0.0,
            0.0,
            1.0,
            0.52,
            0.0,
            0.0,
            0.0,
            1.0
        ],
        "position": [
            0.0,
            0.0,
            0.52
        ],
        "focalPoint": [
            0.0,
            0.0,
            0.0
        ],
        "fov": 88.0,
        "viewup": [
            0.0,
            1.0,
            0.0
        ],
        "distance": 0.52
    }
}