{
    "image_file": "images\\scene1\\000211.png",
    "model": {
        "num": 3,
        "0": {
            "model_file": "models\\car_001.obj",
            "matrix": [
                0.9937737366117636,
                0.10495699147635308,
                -0.0373870346633495,
                -6.840349951850226,
                0.035636989803596336,
                0.018500710977348737,
                0.99919353913597,
                -1.3055741489382422,
                0.10556403449292846,
                -0.9943046583585696,
                0.014645169442875297,
                -27.44514324247496,
                0.0,
                0.0,
                0.0,
                1.0
            ],
            "class": 1,
            "size": [
                1.6541399955749512,
                3.9089720249176025,
                1.600256057223305
            ]
        },
        "1": {
            "model_file": "models\\car_001.obj",
            "matrix": [
                0.9998842826285952,
                -0.015159477787214274,
                0.0012694823789371479,
                -4.535941968068502,
                -0.0007672888291146429,
                0.03308734536698059,
                0.9994521693630027,
                -1.4595228546367527,
                -0.015193176762750834,
                -0.9993374894447682,
                0.03307188488838687,
                -6.532507861990174,
                0.0,
                0.0,
                0.0,
                1.0
            ],
            "class": 1,
            "size": [
                1.6541399955749512,
                3.9089720249176025,
                1.600256057223305
            ]
        },
        "2": {
            "model_file": "models\\van_001.obj",
            "matrix": [
                -0.9567412280854122,
                0.29069942632288853,
                -0.011834948972102678,
                4.01,
                -0.012754448569449846,
                -0.0012684235804234579,
                0.9999178541976929,
                -2.18,
                0.2906605348569344,
                0.956813584057607,
                0.004921264016270684,
                -6.54,
                0.0,
                0.0,
                0.0,
                1.0
            ],
            "class": 4,
            "size": [
                1.8621000051498413,
                4.981686115264893,
                2.1579938968643546
            ]
        }
    },
    "camera": {
        "matrix": [
            1.0,
            0.0,
            0.0,
            0.0,
            0.0,
            1.0,
            0.0,
            0.0,
            0.0,
            0.0,
            1.0,
            0.58,
            0.0,
            0.0,
            0.0,
            1.0
        ],
        "position": [
            0.0,
            0.0,
            0.58
        ],
        "focalPoint": [
            0.0,
            0.0,
            0.0
        ],
        "fov": 82.0,
        "viewup": [
            0.0,
            1.0,
            0.0
        ],
        "distance": 0.58
    }
}