{
    "image_file": "images\\scene1\\000211.png",
    "model": {
        "num": 3,
        "0": {
            "model_file": "models\\car_001.obj",
            "matrix": [
                0.9937737366117634,
                0.10495699147635304,
                -0.03738703466334947,
                -6.840349951850226,
                0.035636989803596336,
                0.01850071097734873,
                0.9991935391359698,
                -1.3055741489382422,
                0.10556403449292844,
                -0.9943046583585692,
                0.014645169442875295,
                -27.44514324247496,
                0.0,
                0.0,
                0.0,
                1.0
            ],
            "class": 1,
            "size": [
                1.6541399955749512,
                3.9089720249176025,
                1.600256057223305
            ]
        },
        "1": {
            "model_file": "models\\car_001.obj",
            "matrix": [
                0.9998842826285952,
                -0.015159477787214255,
                0.001269482378937259,
                -4.535941968068502,
                -0.0007672888291147539,
                0.0330873453669806,
                0.9994521693630026,
                -1.4595228546367527,
                -0.015193176762750817,
                -0.9993374894447682,
                0.03307188488838687,
                -6.532507861990174,
                0.0,
                0.0,
                0.0,
                1.0
            ],
            "class": 1,
            "size": [
                1.6541399955749512,
                3.9089720249176025,
                1.600256057223305
            ]
        },
        "2": {
            "model_file": "models\\van_001.obj",
            "matrix": [
                -0.9567412280854122,
                0.2906994263228885,
                -0.011834948972102678,
                4.01,
                -0.012754448569449846,
                -0.0012684235804234576,
                0.9999178541976929,
                -2.18,
                0.2906605348569344,
                0.9568135840576067,
                0.004921264016270684,
                -6.54,
                0.0,
                0.0,
                0.0,
                1.0
            ],
            "class": 4,
            "size": [
                1.8621000051498413,
                4.981686115264893,
                2.1579938968643546
            ]
        }
    },
    "camera": {
        "matrix": [
            1.0,
            0.0,
            0.0,
            0.0,
            0.0,
            1.0,
            0.0,
            0.0,
            0.0,
            0.0,
            1.0,
            0.58,
            0.0,
            0.0,
            0.0,
            1.0
        ],
        "position": [
            0.0,
            0.0,
            0.58
        ],
        "focalPoint": [
            0.0,
            0.0,
            0.0
        ],
        "fov": 82.0,
        "viewup": [
            0.0,
            1.0,
            0.0
        ],
        "distance": 0.58
    }
}