{
    "image_file": "images\\scene1\\000211.png",
    "model": {
        "num": 3,
        "0": {
            "model_file": "models\\van_001.obj",
            "matrix": [
                -0.9495322993696854,
                0.3070652591386948,
                -0.06402608127800016,
                4.006528406885628,
                -0.06251674155608719,
                0.014759688083736972,
                0.9979347717325457,
                -2.1750184107381125,
                0.30737610427445633,
                0.9515740004002622,
                0.005181918882296593,
                -6.542796520955623,
                0.0,
                0.0,
                0.0,
                1.0
            ],
            "class": 4,
            "size": [
                1.8621000051498413,
                4.981686115264893,
                2.1579938968643546
            ]
        },
        "1": {
            "model_file": "models\\car_001.obj",
            "matrix": [
                0.9560144775844027,
                0.2906488452957969,
                -0.039491358260200546,
                -4.53299926874042,
                0.03986005602460457,
                0.004654257837611509,
                0.9991944324392981,
                -1.4600415639896256,
                0.2905985109781732,
                -0.9568184710864386,
                -0.007135741381809852,
                -6.487857240560555,
                0.0,
                0.0,
                0.0,
                1.0
            ],
            "class": 1,
            "size": [
                1.6541399955749512,
                3.9089720249176025,
                1.600256057223305
            ]
        },
        "2": {
            "model_file": "models\\car_001.obj",
            "matrix": [
                0.9937737366117644,
                0.1049569914763532,
                -0.037387034663349555,
                -6.840349951850226,
                0.035636989803596364,
                0.01850071097734876,
                0.999193539135971,
                -1.3055741489382422,
                0.10556403449292855,
                -0.9943046583585707,
                0.014645169442875312,
                -27.44514324247496,
                0.0,
                0.0,
                0.0,
                1.0
            ],
            "class": 1,
            "size": [
                1.6541399955749512,
                3.9089720249176025,
                1.600256057223305
            ]
        }
    },
    "camera": {
        "matrix": [
            1.0,
            0.0,
            0.0,
            0.0,
            0.0,
            1.0,
            0.0,
            0.0,
            0.0,
            0.0,
            1.0,
            0.58,
            0.0,
            0.0,
            0.0,
            1.0
        ],
        "position": [
            0.0,
            0.0,
            0.58
        ],
        "focalPoint": [
            0.0,
            0.0,
            0.0
        ],
        "fov": 82.0,
        "viewup": [
            0.0,
            1.0,
            0.0
        ],
        "distance": 0.58
    }
}