{
    "image_file": "images\\scene1\\000211.png",
    "model": {
        "num": 3,
        "0": {
            "model_file": "models\\car_001.obj",
            "matrix": [
                0.9975629655666305,
                0.05935375468797887,
                -0.03667780710925844,
                -4.422744775700674,
                0.0356369898035967,
                0.018500710977348744,
                0.999193539135971,
                -1.4171589934156175,
                0.059984453716301435,
                -0.9980655567134668,
                0.016340434957034532,
                -5.551827446442115,
                0.0,
                0.0,
                0.0,
                1.0
            ],
            "class": 1,
            "size": [
                1.6541399955749512,
                3.9089720249176025,
                1.600256057223305
            ]
        },
        "1": {
            "model_file": "models\\car_001.obj",
            "matrix": [
                0.9975629655666305,
                0.05935375468797887,
                -0.0366778071092585,
                -5.771884119268674,
                0.0356369898035967,
                0.018500710977348744,
                0.9991935391359711,
                -1.2371902800728294,
                0.059984453716301435,
                -0.9980655567134668,
                0.016340434957034536,
                -21.452556234918074,
                0.0,
                0.0,
                0.0,
                1.0
            ],
            "class": 1,
            "size": [
                1.6541399955749512,
                3.9089720249176025,
                1.600256057223305
            ]
        },
        "2": {
            "model_file": "models\\van_001.obj",
            "matrix": [
                -0.9769600277025065,
                0.20411983526461733,
                -0.06232332727858096,
                3.9975140147641834,
                -0.05665545660160744,
                0.033500265118394726,
                0.9978315947464615,
                -2.1960703634452416,
                0.20576506872837141,
                0.978372539009831,
                -0.021163917469746385,
                -5.7557740169889975,
                0.0,
                0.0,
                0.0,
                1.0
            ],
            "class": 4,
            "size": [
                1.8621000051498413,
                4.981686115264893,
                2.1579938968643546
            ]
        }
    },
    "camera": {
        "matrix": [
            1.0,
            0.0,
            0.0,
            0.0,
            0.0,
            1.0,
            0.0,
            0.0,
            0.0,
            0.0,
            1.0,
            0.52,
            0.0,
            0.0,
            0.0,
            1.0
        ],
        "position": [
            0.0,
            0.0,
            0.52
        ],
        "focalPoint": [
            0.0,
            0.0,
            0.0
        ],
        "fov": 88.0,
        "viewup": [
            0.0,
            1.0,
            0.0
        ],
        "distance": 0.52
    }
}