{
    "image_file": "images\\scene1\\000211.png",
    "model": {
        "num": 3,
        "0": {
            "model_file": "models\\pedestrian_001.obj",
            "matrix": [
                0.9993,
                -0.0365,
                0.0099,
                -2.8776,
                -0.0024,
                0.1983,
                0.9801,
                -1.3598,
                -0.0377,
                -0.9795,
                0.198,
                -14.1727,
                0.0,
                0.0,
                0.0,
                1.0
            ],
            "actor_id": 0,
            "R_matrix_c2o": [
                0.9993,
                -0.03650000000000013,
                0.009899999999999964,
                0.0023999999999999386,
                -0.1983,
                -0.9801,
                0.03770000000000012,
                0.9795,
                -0.198
            ],
            "T_matrix_c2o": [
                -2.8776,
                1.3598,
                14.6927
            ],
            "class": 5,
            "class_name": "Pedestrian",
            "size": [
                0.9054,
                0.3275,
                1.7676
            ],
            "2d_bbox": [
                470.24,
                169.35,
                515.41,
                249.35
            ],
            "3d_bbox": [
                [
                    473,
                    249
                ],
                [
                    475,
                    245
                ],
                [
                    513,
                    249
                ],
                [
                    515,
                    245
                ],
                [
                    470,
                    171
                ],
                [
                    473,
                    169
                ],
                [
                    511,
                    172
                ],
                [
                    513,
                    169
                ]
            ]
        },
        "1": {
            "model_file": "models\\pedestrian_001.obj",
            "matrix": [
                0.9993,
                -0.0365,
                0.0099,
                -3.5308,
                -0.0024,
                0.1983,
                0.9801,
                -1.3336,
                -0.0377,
                -0.9795,
                0.198,
                -14.1727,
                0.0,
                0.0,
                0.0,
                1.0
            ],
            "actor_id": 0,
            "R_matrix_c2o": [
                0.9993,
                -0.03650000000000013,
                0.009899999999999964,
                0.0023999999999999386,
                -0.1983,
                -0.9801,
                0.03770000000000012,
                0.9795,
                -0.198
            ],
            "T_matrix_c2o": [
                -3.5308,
                1.3336,
                14.6927
            ],
            "class": 5,
            "class_name": "Pedestrian",
            "size": [
                0.9054,
                0.3275,
                1.7676
            ],
            "2d_bbox": [
                440.46,
                168.18,
                487.04,
                248.19
            ],
            "3d_bbox": [
                [
                    444,
                    248
                ],
                [
                    447,
                    244
                ],
                [
                    484,
                    248
                ],
                [
                    487,
                    244
                ],
                [
                    440,
                    170
                ],
                [
                    443,
                    168
                ],
                [
                    482,
                    170
                ],
                [
                    484,
                    168
                ]
            ]
        },
        "2": {
            "model_file": "models\\car_001.obj",
            "matrix": [
                0.9858,
                0.1656,
                0.0262,
                -6.2964,
                -0.0408,
                0.0852,
                0.9955,
                -1.9984,
                0.1626,
                -0.9825,
                0.0908,
                -9.0275,
                0.0,
                0.0,
                0.0,
                1.0
            ],
            "actor_id": 0,
            "R_matrix_c2o": [
                0.9858,
                0.1655999999999999,
                0.02619999999999995,
                0.04079999999999994,
                -0.08520000000000001,
                -0.9955,
                -0.16259999999999988,
                0.9825,
                -0.0908
            ],
            "T_matrix_c2o": [
                -6.2964,
                1.9984,
                9.5475
            ],
            "class": 2,
            "class_name": "Car",
            "size": [
                1.8857,
                4.4562,
                1.5688
            ],
            "2d_bbox": [
                -41.0,
                199.02,
                342.33,
                387.2
            ],
            "3d_bbox": [
                [
                    -31,
                    372
                ],
                [
                    248,
                    283
                ],
                [
                    106,
                    387
                ],
                [
                    342,
                    290
                ],
                [
                    -40,
                    239
                ],
                [
                    246,
                    199
                ],
                [
                    100,
                    248
                ],
                [
                    341,
                    203
                ]
            ]
        }
    },
    "camera": {
        "matrix": [
            1.0,
            0.0,
            0.0,
            0.0,
            0.0,
            1.0,
            0.0,
            0.0,
            0.0,
            0.0,
            1.0,
            0.52,
            0.0,
            0.0,
            0.0,
            1.0
        ],
        "position": [
            0.0,
            0.0,
            0.52
        ],
        "focalPoint": [
            0.0,
            0.0,
            0.0
        ],
        "fov": 88.0,
        "viewup": [
            0.0,
            1.0,
            0.0
        ],
        "distance": 0.52
    }
}