{
    "image_file": "images\\scene1\\000211.png",
    "model": {
        "num": 3,
        "0": {
            "model_file": "models\\car_001.obj",
            "matrix": [
                0.9975629655666302,
                0.05935375468797882,
                -0.03667780710925844,
                -4.422744775700674,
                0.03563698980359664,
                0.018500710977348754,
                0.9991935391359712,
                -1.4171589934156175,
                0.0599844537163014,
                -0.9980655567134661,
                0.016340434957034557,
                -5.551827446442115,
                0.0,
                0.0,
                0.0,
                1.0
            ],
            "class": 1,
            "size": [
                1.6541399955749512,
                3.9089720249176025,
                1.600256057223305
            ]
        },
        "1": {
            "model_file": "models\\car_001.obj",
            "matrix": [
                0.9975629655666303,
                0.05935375468797883,
                -0.03667780710925783,
                -5.771884119268674,
                0.03563698980359603,
                0.018500710977348758,
                0.9991935391359713,
                -1.2371902800728294,
                0.05998445371630139,
                -0.9980655567134662,
                0.016340434957034595,
                -21.452556234918074,
                0.0,
                0.0,
                0.0,
                1.0
            ],
            "class": 1,
            "size": [
                1.6541399955749512,
                3.9089720249176025,
                1.600256057223305
            ]
        },
        "2": {
            "model_file": "models\\van_001.obj",
            "matrix": [
                -0.9769600277025072,
                0.20411983526461755,
                -0.06232332727858106,
                3.9975140147641834,
                -0.05665545660160748,
                0.03350026511839477,
                0.9978315947464627,
                -2.1960703634452416,
                0.2057650687283716,
                0.9783725390098321,
                -0.02116391746974641,
                -5.7557740169889975,
                0.0,
                0.0,
                0.0,
                1.0
            ],
            "class": 4,
            "size": [
                1.8621000051498413,
                4.981686115264893,
                2.1579938968643546
            ]
        }
    },
    "camera": {
        "matrix": [
            1.0,
            0.0,
            0.0,
            0.0,
            0.0,
            1.0,
            0.0,
            0.0,
            0.0,
            0.0,
            1.0,
            0.58,
            0.0,
            0.0,
            0.0,
            1.0
        ],
        "position": [
            0.0,
            0.0,
            0.58
        ],
        "focalPoint": [
            0.0,
            0.0,
            0.0
        ],
        "fov": 82.0,
        "viewup": [
            0.0,
            1.0,
            0.0
        ],
        "distance": 0.58
    }
}