{
    "image_file": "images\\scene1\\000211.png",
    "model": {
        "num": 3,
        "0": {
            "model_file": "models\\car_001.obj",
            "matrix": [
                0.9975629655666303,
                0.059353754687978835,
                -0.03667780710925844,
                -4.422744775700674,
                0.03563698980359664,
                0.01850071097734876,
                0.9991935391359712,
                -1.4171589934156175,
                0.05998445371630141,
                -0.9980655567134663,
                0.016340434957034557,
                -5.551827446442115,
                0.0,
                0.0,
                0.0,
                1.0
            ],
            "class": 1,
            "size": [
                1.6541399955749512,
                3.9089720249176025,
                1.600256057223305
            ]
        },
        "1": {
            "model_file": "models\\car_001.obj",
            "matrix": [
                0.9975629655666302,
                0.05935375468797882,
                -0.03667780710925844,
                -5.771884119268674,
                0.03563698980359664,
                0.018500710977348754,
                0.9991935391359712,
                -1.2371902800728294,
                0.0599844537163014,
                -0.9980655567134661,
                0.016340434957034557,
                -21.452556234918074,
                0.0,
                0.0,
                0.0,
                1.0
            ],
            "class": 1,
            "size": [
                1.6541399955749512,
                3.9089720249176025,
                1.600256057223305
            ]
        },
        "2": {
            "model_file": "models\\van_001.obj",
            "matrix": [
                -0.9769600277025072,
                0.2041198352646175,
                -0.06232332727858102,
                3.9975140147641834,
                -0.05665545660160748,
                0.033500265118394754,
                0.9978315947464624,
                -2.1960703634452416,
                0.2057650687283716,
                0.9783725390098319,
                -0.021163917469746406,
                -5.7557740169889975,
                0.0,
                0.0,
                0.0,
                1.0
            ],
            "class": 4,
            "size": [
                1.8621000051498413,
                4.981686115264893,
                2.1579938968643546
            ]
        }
    },
    "camera": {
        "matrix": [
            1.0,
            0.0,
            0.0,
            0.0,
            0.0,
            1.0,
            0.0,
            0.0,
            0.0,
            0.0,
            1.0,
            0.52,
            0.0,
            0.0,
            0.0,
            1.0
        ],
        "position": [
            0.0,
            0.0,
            0.52
        ],
        "focalPoint": [
            0.0,
            0.0,
            0.0
        ],
        "fov": 88.0,
        "viewup": [
            0.0,
            1.0,
            0.0
        ],
        "distance": 0.52
    }
}